merchant,merchant_alias,description,category
Spotify Digital,SPOTIFY INDIA DIGITAL,Spotify Digital - Recurring Subscription,Entertainment
BookMyShow Media,BMS TICKETS MEDIA,Concert Event Passes,Entertainment
Goibibo Travels,GOIBIBO TRAVELS,Outstation Cab & Homestay,Vacation
Practo Medical,PRACTO CARE MEDICAL,Dentist Appointment Booking,Healthcare
Tata Play DTH Utility,TATA SKY DTH UTILITY,DTH Monthly HD Pack Recharge,Utilities
Indane LPG Gas Utility,INDANE GAS UTILITY,14.2kg Domestic LPG Cylinder Booking,Utilities
Airtel Broadband Utility,BHARTI AIRTEL UTILITY,Airtel Broadband Utility - Recurring Subscription,Utilities
Starbucks,STARBUCKS,Iced Americano & Croissant,Food & Dining
Airtel Broadband Bill,AIRTEL BROADBAND BILL,Airtel Broadband Bill - Recurring Subscription,Utilities
Blinkit Direct,BLINKIT DIRECT,Morning Breakfast Supplies,Groceries
JioFiber Utility,RELIANCE JIO INFOCOMM UTILITY,JioFiber Unlimited Internet Monthly Plan,Utilities
SonyLIV India,SONYLIV INDIA,SonyLIV India - Recurring Subscription,Entertainment
Investor Corporate Payout,SALARY/ISHANREDDY,Monthly Salary Credit - September 2025,Miscellaneous
Myntra Digital,MYNTRA FASHION DIGITAL,Leather Jacket & Boots,Shopping
Swiggy Delivery,Swiggy Instamart DELIVERY,Pizza Order,Food & Dining
Paytm Money Capital,PAYTM MONEY CAPITAL,Paytm Money Capital - Recurring Subscription,Investments
Investor Corporate Payout,SALARY/PRIYACHOWDHURY,Monthly Salary Credit - April 2025,Miscellaneous
MSEDCL Power Bill,MAHARASHTRA ELECTRICITY BILL,MSEDCL Power Bill - Recurring Subscription,Utilities
Uber Pay,UBER PAY,Uber Premier Airport Drop,Transportation
Flipkart Fashion,FKMP PAY FASHION,Kitchen Mixer Grinder,Shopping
BigBasket Store,BB INSTANT STORE,Weekly Organic Vegetables,Groceries
School Tuition Fee,DELHI PUBLIC SCHOOL FEE,Quarterly School Tuition & Transport Fee,Education
Shell Petrol Pump Pay,SHELL PAY,Shell V-Power Petrol Refill,Transportation
Wonderla Media,WONDERLA AMUSEMENT PARK MEDIA,Amusement Park Fastrack Tickets,Entertainment
Mainland China Express,SPECIALITY RESTAURANTS EXPRESS,Dim Sum & Dumplings,Food & Dining
Social Delivery,SOCIAL DELIVERY,Craft Beer & Nachos,Food & Dining
Zerodha Capital,ZERODHA BROKING CAPITAL,Monthly Mutual Fund SIP Investment,Investments
Lenskart Care,LENSKART SOLUTIONS CARE,Contact Lenses & Solution,Healthcare
HP Gas Utility,HP GAS UTILITY,HP Gas Utility - Recurring Subscription,Utilities
Rapido Service,RAPIDO BIKE SERVICE,Rapido Auto Ride,Transportation
Tata Power Bill,TATA POWER DELHI BILL,Electricity Bill Payment,Utilities
Apple Store Fashion,APPLE STORE FASHION,iPhone 15 Pro Purchase,Shopping
Indane LPG Gas,INDIAN OIL LPG,14.2kg Domestic LPG Cylinder Booking,Utilities
Beardo,ZED BLACK BEARDO,Beard Oil & Growth Serum,Grooming
Landlord Direct Rent Online,RENT PAYMENT ONLINE,Monthly Apartment Rent Transfer,Rent & Housing
Unacademy Academy,UNACADEMY ACADEMY,Unacademy Academy - Recurring Subscription,Education
Vi Postpaid Bill,VI POSTPAID BILL,Vi Postpaid Bill - Recurring Subscription,Utilities
PhysicsWallah Learning,PHYSICSWALLAH LEARNING,JEE Main Target Batch Course Fee,Education
Housing.com Rent,HOUSING.COM RENT,House Rent Payment via Housing Pay,Rent & Housing
NPS Contribution,CRA NSDL NPS,Tier-1 NPS Retirement Contribution,Investments
Naturals Salon Salon,NATURALS BEAUTY CARE SALON,Hair Coloring & Keratin Treatment,Grooming
Groww Investments,GROWW SIP INVESTMENTS,Groww Investments - Recurring Subscription,Investments
Delhi Metro Pay,DMRC PAY,Metro Smart Card Recharge,Transportation
Taj Hotels Stays,TAJ HOTELS STAYS,Fine Dining & Spa,Vacation
PVR Cinemas Media,PVR CINEMAS MEDIA,PVR Recliner Movie Tickets & Popcorn Combo,Entertainment
Blinkit Mart,BLINKIT (GROFERS) MART,Morning Breakfast Supplies,Groceries
Swiggy Outlet,Swiggy Instamart OUTLET,Late Night Snacks,Food & Dining
Blue Tokai Express,BLUE TOKAI COFFEE ROASTERS EXPRESS,Flat White Coffee,Food & Dining
Indane LPG Gas Bill,INDIAN OIL LPG BILL,Indane LPG Gas Bill - Recurring Subscription,Utilities
Amazon India Fashion,AMZN PAY FASHION,Cotton Casual Shirts,Shopping
Apple Store Store,APPLE STORE STORE,Apple Watch Series 9,Shopping
SpiceJet,SPICEJET,Flight Ticket Booking,Transportation
UnknownBoutique,UnknownBoutique,Clothing,Shopping
FASTag Recharge Pay,NETC FASTAG PAY,National Highway Toll FASTag Topup,Transportation
BESCOM Electricity,BANGALORE ELECTRICITY,Monthly Electricity Consumption Bill,Utilities
IRCTC,IRCTC,3AC Train Ticket Booking,Transportation
Naturals Ice Cream Delivery,NATURALS ICE CREAM DELIVERY,Tender Coconut Ice Cream,Food & Dining
Vijay Sales Fashion,VIJAY SALES FASHION,Microwave Oven,Shopping
Swiggy Instamart Mart,INSTAMART MART,Biscuits & Beverages,Groceries
Taco Bell Express,BURMAN HOSPITALITY TACO EXPRESS,Burrito Meal Box,Food & Dining
Jawed Habib Salon,JAWED HABIB,"Haircut, Wash & Styling",Grooming
Zomato,ZOMATO Kochi,Dinner Order,Food & Dining
KFC Express,DEVYANI INTERNATIONAL EXPRESS,Zinger Burger Meal,Food & Dining
Croma,INFINITI RETAIL CROMA,OLED 4K Smart TV,Shopping
IOCL Fuel Pay,IOCL PAY,Diesel Tank Refill,Transportation
H&M India,H&M,Casual Sneakers,Shopping
Chaayos Outlet,SUNSHINE TEAHOUSE OUTLET,Desi Chai & Maska Bun,Food & Dining
FreshToHome Direct,FRESHTOHOME FOODS DIRECT,Marinated Meat Items,Groceries
Paradise Biryani Delivery,PARADISE FOOD COURT DELIVERY,Chicken Dum Biryani Pack,Food & Dining
Subway,SUBWAY Kolkata,Sub of the Day,Food & Dining
Ajio Digital,RELIANCE RETAIL AJIO DIGITAL,Ethnawear Kurtis,Shopping
Subway Outlet,SUBWAY INDIA OUTLET,Roasted Chicken Sub,Food & Dining
Apollo Pharmacy,APOLLO 247,Prescription Medicines & Vitamins,Healthcare
McDonald's Delivery,MCD DELIVERY DELIVERY,Happy Meal,Food & Dining
SonyLIV Digital,CULVER MAX ENTERTAINMENT DIGITAL,SonyLIV Digital - Recurring Subscription,Entertainment
Social Delivery,INDIRANAGAR SOCIAL DELIVERY,Cocktails & Bar Bites,Food & Dining
Tata 1mg Medical,TATA 1MG MEDICAL,Ayurvedic & Health Care Products,Healthcare
HP Gas Utility,HP GAS UTILITY,LPG Cooking Gas Cylinder Refill,Utilities
Practo Care,PRACTO CARE,Dentist Appointment Booking,Healthcare
Naturals Salon,NATURALS BEAUTY CARE,Facial & Threading,Grooming
Licious,LICIOUS MEAT,Mutton Curry Cut,Groceries
Apple Store Store,IMAGINE APPLE PREMIUM STORE,MacBook Air M2 Laptop,Shopping
Burger King Express,BK DELIVERY EXPRESS,Crispy Chicken Meal,Food & Dining
Landlord Direct Rent,RENT PAYMENT,Monthly Apartment Rent Transfer,Rent & Housing
Unacademy Edu,SORTING HAT TECHNOLOGIES EDU,Unacademy Edu - Recurring Subscription,Education
D-Mart Direct,DMART DIRECT,Snacks & Pulses,Groceries
Swiggy Instamart Mart,INSTAMART MART,Snack Pantry Refill,Groceries
Society Maintenance,SOCIETY MAINTENANCE,Monthly Society Maintenance & Water Charges,Rent & Housing
KFC,KFC,Smoky Red Chicken,Food & Dining
BusinessOwner Corporate Payout,SALARY/TANVINAIR,Monthly Salary Credit - September 2025,Miscellaneous
Family Corporate Payout,SALARY/ANANYAIYER,Monthly Salary Credit - October 2025,Miscellaneous
Beardo Salon,BEARDO SALON,Beard Oil & Growth Serum,Grooming
Licious Mart,LICIOUS MART,Prawns & Fish,Groceries
Nykaa Digital,NYKAA BEAUTY DIGITAL,Hair Serum & Moisturizer,Shopping
Westside,TRENT LIMITED WESTSIDE,Western Dresses,Shopping
Pet Care Clinic Direct,VET HOSPITALS DIRECT,Pet Vaccination & Routine Health Checkup,Miscellaneous
Urban Company Salon,URBAN CLAP SALON,Pedicure & Manicure,Grooming
Zepto Mart,ZEPTO MART,Cold Drinks & Chips,Groceries
Zudio Retail,TRENT LTD ZUDIO RETAIL,Casual T-shirts & Shorts,Shopping
Oyo Rooms Holidays,ORAVEL STAYS HOLIDAYS,Budget Hotel Stay for 2 Nights,Vacation
Tata Play DTH Bill,TATA PLAY BILL,Tata Play DTH Bill - Recurring Subscription,Utilities
Namma Yatri,MOVING TECH NAMMA,Direct Auto Payment,Transportation
Taj Hotels Stays,TAJ HOTELS STAYS,Fine Dining & Spa,Vacation
Zara India Retail,ZARA RETAIL,Designer Overcoat,Shopping
Vijay Sales Store,VIJAY SALES STORE,Double Door Refrigerator,Shopping
Westside Digital,WESTSIDE DIGITAL,Western Dresses,Shopping
SpiceJet Fuel,SPICEJET FUEL,Excess Baggage Fee,Transportation
India Post Services,SPEED POST SERVICES,Registered Speed Post Parcel Charges,Miscellaneous
CRED RentPay,DREAMPLUG RENT,House Rent Transfer via Credit Card,Rent & Housing
Decathlon,DECATHLON,Mountain Biking Bicycle,Shopping
Pizza Hut Delivery,DEVYANI INT PIZZA DELIVERY,Personal Pan Pizza,Food & Dining
Beardo Spa,ZED BLACK BEARDO SPA,Charcoal Face Wash & Grooming Kit,Grooming
Amazon India Digital,AMZN PAY DIGITAL,Home Decor Items,Shopping
Nature's Basket,NATURES BASKET,Artisanal Bread & Organic Honey,Groceries
WorkingProfessional Corporate Payout,SALARY/ARJUNSINGHANIA,Monthly Salary Credit - July 2025,Miscellaneous
Myntra,MYNTRA DESIGNS,Festive Kurta Set,Shopping
Urban Company Salon,URBAN COMPANY SALON,Salon at Home - Haircut & Facial,Grooming
D-Mart,AVENUE SUPERMARTS,Snacks & Pulses,Groceries
Kama Ayurveda,KAMA AYURVEDA RETAIL,Kumkumadi Miraculous Night Serum,Grooming
Blinkit,BLINKIT (GROFERS),Fresh Vegetables & Fruits,Groceries
Zara India Fashion,INDITEX ZARA FASHION,Leather Handbag,Shopping
Crossword Bookstore,CROSSWORD BOOKSTORES,Technical Books & Fiction Novels,Education
Oyo Rooms Travels,OYO TRAVELS,Business Trip Overnight Stay,Vacation
Haldiram's Delivery,HALDIRAMS SWEETS DELIVERY,Raj Kachori & Chole Bhature,Food & Dining
FASTag Recharge,NETC FASTAG,FASTag Recharge - Recurring Subscription,Transportation
More Megastore Direct,MORE SUPERMARKET DIRECT,Supermarket Groceries Order,Groceries
Retired Corporate Payout,SALARY/KAVYAGUPTA,Monthly Salary Credit - August 2025,Miscellaneous
MakeMyTrip Holidays,MAKEMYTRIP HOLIDAYS,Goa Beach Resort 3 Nights Stay,Vacation
Ajio Fashion,RELIANCE RETAIL AJIO FASHION,Branded Sneakers,Shopping
Blinkit Store,BLINKIT STORE,Morning Breakfast Supplies,Groceries
More Megastore Mart,MORE RETAIL MART,Supermarket Groceries Order,Groceries
IndiGo Fuel,INTERGLOBE AVIATION FUEL,Flight Ticket - Blr to Del,Transportation
BESCOM Electricity,BESCOM BILL PAY,BESCOM Electricity - Recurring Subscription,Utilities
Tata 1mg Care,1MG TECHNOLOGIES CARE,Ayurvedic & Health Care Products,Healthcare
Air India Pay,AIR INDIA LTD PAY,Business Class Upgrade,Transportation
HP Gas,HINDUSTAN PETROLEUM LPG,LPG Cooking Gas Cylinder Refill,Utilities
Zara India Fashion,INDITEX ZARA FASHION,Designer Overcoat,Shopping
Decathlon Retail,DECATHLON SPORTS INDIA RETAIL,Yoga Mat & Dumbbells,Shopping
SoftwareEngineer Corporate Payout,SALARY/NEHAGUPTA,Monthly Salary Credit - September 2025,Miscellaneous
Mainland China Delivery,SPECIALITY RESTAURANTS DELIVERY,Hakka Noodles & Manchurian,Food & Dining
FreshToHome Store,FRESHTOHOME STORE,Marinated Meat Items,Groceries
FASTag Recharge Pay,NETC FASTAG PAY,FASTag Recharge Pay - Recurring Subscription,Transportation
Paradise Biryani Delivery,PARADISE FOOD COURT DELIVERY,Hyderabadi Mutton Biryani,Food & Dining
Spotify Media,SPOTIFY AB MEDIA,Spotify Media - Recurring Subscription,Entertainment
H&M India Fashion,H&M FASHION,Cotton Basic Tops,Shopping
Blue Tokai Outlet,BLUE TOKAI OUTLET,Single Origin Pour-over,Food & Dining
Haldiram's Express,HALDIRAM RESTAURANT EXPRESS,Assorted Sweets Box,Food & Dining
Zerodha Capital,ZERODHA COIN CAPITAL,Zerodha Capital - Recurring Subscription,Investments
Swiggy Instamart,SWIGGY INSTAMART,Fresh Fruits Basket,Groceries
Barbeque Nation Delivery,BARBEQUE NATION DELIVERY,Buffet Dinner for 2,Food & Dining
FASTag Recharge,NHAI FASTAG RECHARGE,National Highway Toll FASTag Topup,Transportation
Tata Power,TATA POWER,Tata Power - Recurring Subscription,Utilities
Unacademy Learning,UNACADEMY LEARNING,Unacademy Learning - Recurring Subscription,Education
Apple Store Store,APPLE STORE STORE,iPhone 15 Pro Purchase,Shopping
Myntra Fashion,MYNTRA DESIGNS FASHION,Denim Jeans & T-shirts,Shopping
Zerodha Capital,ZERODHA CAPITAL,Sovereign Gold Bond Purchase,Investments
Taco Bell Delivery,TACO BELL DELIVERY,Quesadilla & Seasoned Fries,Food & Dining
Housing.com Rent Pay,HOUSING.COM RENT PAY,Housing.com Rent Pay - Recurring Subscription,Rent & Housing
NoBroker Rent Pay Online,NOBROKER TECHNOLOGIES ONLINE,Monthly Flat Rent Payment,Rent & Housing
Wow! Momo Outlet,WOW MOMO EXPRESS OUTLET,Steamed Chicken Momos,Food & Dining
Decathlon Fashion,DECATHLON FASHION,Mountain Biking Bicycle,Shopping
BusinessOwner Corporate Payout,SALARY/TANVIGUPTA,Monthly Salary Credit - June 2025,Miscellaneous
Zomato Express,ZOMATO Delhi NCR EXPRESS,Dinner Order,Food & Dining
Blue Tokai,BLUE TOKAI COFFEE ROASTERS,Croissant & Cold Brew,Food & Dining
CRED RentPay Online,CRED RENTPAY ONLINE,House Rent Transfer via Credit Card,Rent & Housing
KFC Express,DEVYANI INTERNATIONAL EXPRESS,Hot & Crispy Bucket,Food & Dining
Social Outlet,SOCIAL OUTLET,Weekend Drinks with Friends,Food & Dining
PPF Deposit Investments,SBI PPF ACCOUNT INVESTMENTS,Annual PPF Tax Saving Contribution,Investments
Unacademy,SORTING HAT TECHNOLOGIES,CAT Exam Preparation Plus Subscription,Education
NoBroker Rent Pay Pay,NOBROKER RENT PAY,NoBroker Rent Pay Pay - Recurring Subscription,Rent & Housing
HPCL Fuel Fuel,HPCL FUEL,Petrol Tank Full,Transportation
Paytm Money Investments,PAYTM MONEY INVESTMENTS,ELSS Tax Saver Fund SIP,Investments
IRCTC Service,IRCTC E-TICKETING SERVICE,Rajdhani Express AC 2 Tier,Transportation
Baskin Robbins Express,BASKIN ROBBINS EXPRESS,Ice Cream Cake Slice,Food & Dining
Decathlon Store,DECATHLON SPORTS INDIA STORE,Trekking Backpack & Shoes,Shopping
Zara India Digital,ZARA DIGITAL,Leather Handbag,Shopping
Lenskart Healthcare,LENSKART HEALTHCARE,Contact Lenses & Solution,Healthcare
Booking.com,BOOKING.COM INDIA,Luxury Heritage Hotel Stay Jaipur,Vacation
Haldiram's Express,HALDIRAM RESTAURANT EXPRESS,Raj Kachori & Chole Bhature,Food & Dining
Oyo Rooms,OYO ROOMS,Business Trip Overnight Stay,Vacation
Airtel Broadband Utility,BHARTI AIRTEL UTILITY,Fiber Optic Broadband Monthly Bill 200Mbps,Utilities
FASTag Recharge Service,FASTAG SERVICE,FASTag Auto Recharge,Transportation
Amazon India,AMAZON SELLER SERVICES,Kindle Paperwhite,Shopping
Uber Pay,UBER PAY,Uber Go Intercity,Transportation
Scaler Academy Academy,INTERVIEWBIT ACADEMY,Scaler Academy Academy - Recurring Subscription,Education
CRED RentPay Online,CRED RENTPAY ONLINE,CRED RentPay Online - Recurring Subscription,Rent & Housing
Housing.com Rent Online,HOUSING.COM RENT ONLINE,Housing.com Rent Online - Recurring Subscription,Rent & Housing
Swiggy Outlet,SWIGGY FOODS OUTLET,Butter Chicken Meal,Food & Dining
Prime Video India,PRIME VIDEO INDIA,Amazon Prime Annual Membership,Entertainment
Jawed Habib Salon,JAWED HABIB HAIR & BEAUTY,Beard Trim & Hair Spa,Grooming
Groww,GROWW SIP,Groww - Recurring Subscription,Investments
Wow! Momo Outlet,WOW MOMO OUTLET,Momo Burger Combo,Food & Dining
Tata Power,TATA POWER DELHI,Electricity Bill Payment,Utilities
MakeMyTrip Holidays,MAKEMYTRIP HOLIDAYS,Roundtrip Flight & Hotel Combo,Vacation
Amazon India Digital,AMAZON SELLER SERVICES DIGITAL,Cotton Casual Shirts,Shopping
PhysicsWallah,PHYSICSWALLAH,JEE Main Target Batch Course Fee,Education
Country Delight Store,COUNTRY DELIGHT STORE,Cow Milk Monthly Subscription,Groceries
Naturals Salon Care,NATURALS SALON CARE,Facial & Threading,Grooming
Zerodha,ZERODHA COIN,Zerodha - Recurring Subscription,Investments
Groww,NEXTBILLION TECHNOLOGY,Index Fund SIP Monthly Auto-debit,Investments
Zomato,ZOMATO*ORDER,Lunch Thali,Food & Dining
Landlord Direct Rent Pay,RENT PAYMENT PAY,Landlord Direct Rent Pay - Recurring Subscription,Rent & Housing
Apple Store Digital,IMAGINE APPLE PREMIUM DIGITAL,AirPods Pro 2,Shopping
PhysicsWallah Learning,PW LIVE LEARNING,NEET Prep Study Material,Education
Bodycraft Salon,BODYCRAFT,Aromatherapy Massage,Grooming
Licious,LICIOUS,Fresh Chicken Breast,Groceries
HPCL Fuel,HINDUSTAN PETROLEUM,Diesel Refill,Transportation
Domino's Pizza Delivery,DOMINOS DELIVERY,Cheese Burst Pizza,Food & Dining
NoBroker Rent Pay Pay,NOBROKER TECHNOLOGIES PAY,Monthly Flat Rent Payment,Rent & Housing
Haldiram's,HALDIRAM RESTAURANT,Pav Bhaji & Sweets Pack,Food & Dining
BigBasket,BB INSTANT,Weekly Organic Vegetables,Groceries
Urban Company Care,URBANIC TECH CARE,Pedicure & Manicure,Grooming
Landlord Direct Rent Pay,LANDLORD RENT TRANSFER PAY,Monthly Apartment Rent Transfer,Rent & Housing
Bodycraft Salon Salon,BODYCRAFT SALON,Aromatherapy Massage,Grooming
Amazon India Store,AMZN PAY STORE,Kindle Paperwhite,Shopping
Nature's Basket Direct,SPENCERS NATURES BASKET DIRECT,Artisanal Bread & Organic Honey,Groceries
KFC Outlet,KFC ONLINE OUTLET,Hot & Crispy Bucket,Food & Dining
Namma Metro Fuel,BMRCL FUEL,Metro QR Ticket,Transportation
Barbeque Nation Express,BARBEQUE NATION LTD EXPRESS,Weekend Lunch Buffet,Food & Dining
Goibibo Stays,IBIBO GROUP STAYS,Outstation Cab & Homestay,Vacation
Unacademy Edu,SORTING HAT TECHNOLOGIES EDU,Unacademy Edu - Recurring Subscription,Education
Ola Cabs,OLA AUTO,Ola Prime SUV Family Ride,Transportation
Decathlon Digital,DECATHLON DIGITAL,Mountain Biking Bicycle,Shopping
SoftwareEngineer Corporate Payout,SALARY/ARJUNKAPOOR,Monthly Salary Credit - February 2025,Miscellaneous
WorkingProfessional Corporate Payout,SALARY/NEHANAIR,Monthly Salary Credit - March 2025,Miscellaneous
Scaler Academy Academy,INTERVIEWBIT ACADEMY,Scaler Academy Academy - Recurring Subscription,Education
Haldiram's Outlet,HALDIRAM RESTAURANT OUTLET,Thali Meal,Food & Dining
Country Delight Mart,COUNTRY DELIGHT MART,Fresh Paneer & Taaza Dahi,Groceries
YouTube Premium Media,GOOGLE YOUTUBE MEDIA,YouTube Premium Media - Recurring Subscription,Entertainment
Landlord Direct Rent Online,HOUSE RENT UPI ONLINE,Room Rent Payment,Rent & Housing
Crossword Bookstore,CROSSWORD BOOKSTORES,Technical Books & Fiction Novels,Education
Domino's Pizza,JUBILANT FOODWORKS,Party Combo,Food & Dining
Crossword Bookstore Academy,CROSSWORD ACADEMY,Notebooks & Premium Stationery,Education
NoBroker Rent Pay Online,NOBROKER TECHNOLOGIES ONLINE,NoBroker Rental Agreement Fee,Rent & Housing
Prime Video,AMAZON PRIME SUBSCRIPTION,Prime Video - Recurring Subscription,Entertainment
Nykaa Store,FSN E-COMMERCE STORE,Perfume & Fragrance,Shopping
Zomato Outlet,ZOMATO Indore OUTLET,Burger Meal,Food & Dining
SoftwareEngineer Corporate Payout,SALARY/ANANYASINGHANIA,Monthly Salary Credit - March 2025,Miscellaneous
Oyo Rooms Travels,ORAVEL STAYS TRAVELS,Budget Hotel Stay for 2 Nights,Vacation
Taj Hotels Holidays,INDIAN HOTELS CO LTD HOLIDAYS,Taj Lake Palace Luxury Suite Weekend Stay,Vacation
Haldiram's Express,HALDIRAMS EXPRESS,Pav Bhaji & Sweets Pack,Food & Dining
School Tuition Fee Edu,SCHOOL FEE EDU,School Tuition Fee Edu - Recurring Subscription,Education
Upstox,RKSV SECURITIES,Stock Trading Margin Topup,Investments
Unacademy Edu,UNACADEMY EDU,CAT Exam Preparation Plus Subscription,Education
Local ATM Cash Withdrawal,ICICI ATM CASH,ATM Cash Withdrawal for Daily Pocket Expenses,Miscellaneous
Ajio Retail,AJIO RETAIL,Branded Sneakers,Shopping
Netflix,NETFLIX INDIA,Netflix - Recurring Subscription,Entertainment
Crossword Bookstore Edu,CROSSWORD BOOKSTORES EDU,Notebooks & Premium Stationery,Education
NPS Contribution,NPS TRUST,NPS Contribution - Recurring Subscription,Investments
Kama Ayurveda Salon,KAMA AYURVEDA RETAIL SALON,Bringadi Hair Oil & Ayurvedic Soap,Grooming
Taco Bell Delivery,TACO BELL DELIVERY,Burrito Meal Box,Food & Dining
McDonald's Express,MCDONALDS Indore EXPRESS,Happy Meal,Food & Dining
Society Maintenance Online,MYGATE MAINTENANCE ONLINE,Monthly Society Maintenance & Water Charges,Rent & Housing
Tata Play DTH Bill,TATA PLAY BILL,Tata Play DTH Bill - Recurring Subscription,Utilities
IndiGo Pay,INDIGO PAY,Indigo Flight Seat Selection & Meal,Transportation
McDonald's Outlet,MCDONALDS Ahmedabad OUTLET,Cold Coffee & Soft Serve,Food & Dining
D-Mart Mart,AVENUE SUPERMARTS MART,Monthly Staples & Provisions,Groceries
SonyLIV India,CULVER MAX ENTERTAINMENT INDIA,SonyLIV Premium Annual Subscription,Entertainment
Zerodha Capital,ZERODHA BROKING CAPITAL,Equity Shares Purchase,Investments
Upstox Investments,RKSV SECURITIES INVESTMENTS,FNO Options Investment,Investments
Kama Ayurveda Salon,KAMA AYURVEDA RETAIL SALON,Kumkumadi Miraculous Night Serum,Grooming
Scaler Academy,INTERVIEWBIT,Scaler Academy - Recurring Subscription,Education
Retired Corporate Payout,SALARY/PRIYADESHMUKH,Monthly Salary Credit - January 2025,Miscellaneous
ICICI Direct,ICICI SECURITIES,Corporate Bond Purchase,Investments
Booking.com,BOOKING.COM INDIA,Boutique Resort Stay Udaipr,Vacation
Dr Lal PathLabs,LAL PATHLABS DIAGNOSTICS,Thyroid Profile Test,Healthcare
Apple Music,APPLE.COM/BILL,Apple Music - Recurring Subscription,Entertainment
Swiggy Instamart,SWIGGY INSTAMART,Snack Pantry Refill,Groceries
Wow! Momo Delivery,WOW MOMO DELIVERY,Steamed Chicken Momos,Food & Dining
H&M India Fashion,H&M RETAIL INDIA FASHION,Oversized Hoodie,Shopping
Groww Investments,NEXTBILLION TECHNOLOGY INVESTMENTS,Direct Equity Investment,Investments
BigBasket,BB INSTANT,Personal Care & Household,Groceries
Groww Capital,GROWW SIP CAPITAL,Index Fund SIP Monthly Auto-debit,Investments
Tata Play DTH Utility,TATA PLAY UTILITY,Tata Play DTH Utility - Recurring Subscription,Utilities
IndiGo Fuel,INTERGLOBE AVIATION FUEL,Indigo Flight Seat Selection & Meal,Transportation
Retired Corporate Payout,SALARY/DEVSINGHANIA,Monthly Salary Credit - September 2025,Miscellaneous
Ola Cabs Service,OLA SERVICE,Ola Auto Ride,Transportation
Taj Hotels Holidays,TAJ HOTELS HOLIDAYS,Fine Dining & Spa,Vacation
BigBasket Store,BB INSTANT STORE,Dairy Products,Groceries
Goibibo,GOIBIBO,Weekend Hotel Booking in Coorg,Vacation
PPF Deposit,PPF DEPOSIT,PPF Deposit - Recurring Subscription,Investments
Vi Postpaid,VI POSTPAID,Mobile Postpaid Monthly Bill,Utilities
Upstox,RKSV SECURITIES,FNO Options Investment,Investments
ICICI Direct Capital,ICICI SECURITIES CAPITAL,Corporate Bond Purchase,Investments
Barbeque Nation Outlet,BBQ NATION OUTLET,Buffet Dinner for 2,Food & Dining
Ajio Fashion,AJIO FASHION,Winter Wear Jackets,Shopping
Urban Company,URBAN CLAP,Deep Tissue Full Body Massage,Grooming
More Megastore Mart,MORE SUPERMARKET MART,Toiletries & Detergent,Groceries
PhysicsWallah,PHYSICSWALLAH,JEE Main Target Batch Course Fee,Education
SpiceJet Fuel,SPICEJET FUEL,Flight Ticket Booking,Transportation
McDonald's Delivery,MCDONALDS Bangalore DELIVERY,McVeggie Burger & Fries,Food & Dining
SoftwareEngineer Corporate Payout,SALARY/RAHULGUPTA,Monthly Salary Credit - June 2025,Miscellaneous
Mainland China Outlet,SPECIALITY RESTAURANTS OUTLET,Hakka Noodles & Manchurian,Food & Dining
BigBasket Mart,BIGBASKET MART,"Atta, Dal & Sugar Basket",Groceries
Subway Delivery,SUBWAY INDIA DELIVERY,Sub of the Day,Food & Dining
NoBroker Rent Pay,NOBROKER RENT,NoBroker Rental Agreement Fee,Rent & Housing
Uber Service,UBER INDIA SERVICE,Uber Auto Ride to Office,Transportation
Booking.com,BOOKING.COM INDIA,Boutique Resort Stay Udaipr,Vacation
Airbnb India Travels,AIRBNB PAYMENTS TRAVELS,Beachfront Homestay Gokarna,Vacation
Naturals Ice Cream Express,NATURALS ICE CREAM EXPRESS,Tender Coconut Ice Cream,Food & Dining
Society Maintenance Pay,APARTMENT ASSN MAINTENANCE PAY,Society Maintenance Pay - Recurring Subscription,Rent & Housing
Social,INDIRANAGAR SOCIAL,Weekend Drinks with Friends,Food & Dining
Chaayos Delivery,CHAAYOS DELIVERY,Kulhad Chai & Poha,Food & Dining
Cult.fit Gym Care,CUREFIT HEALTHCARE CARE,Cult.fit Gym Care - Recurring Subscription,Healthcare
Local Tailor & Repairs,LOCAL TAILOR,Stitching & Alteration Charges,Miscellaneous
Naturals Salon Spa,NATURALS BEAUTY CARE SPA,Facial & Threading,Grooming
School Tuition Fee Academy,DELHI PUBLIC SCHOOL FEE ACADEMY,School Tuition Fee Academy - Recurring Subscription,Education
MakeMyTrip Stays,MAKEMYTRIP STAYS,Goa Beach Resort 3 Nights Stay,Vacation
Coursera Academy,COURSERA ACADEMY,Coursera Plus Annual Subscription,Education
FreshToHome Mart,FRESHTOHOME FOODS MART,Marinated Meat Items,Groceries
School Tuition Fee Learning,SCHOOL FEE LEARNING,Quarterly School Tuition & Transport Fee,Education
Zepto Mart,ZEPTO DAILY MART,"Eggs, Milk & Butter",Groceries
Disney+ Hotstar India,NOVI DIGITAL INDIA,Hotstar Premium Annual Subscription,Entertainment
Cult.fit Gym Medical,CULTPASS MEDICAL,Cult Live Workout Subscription,Healthcare
Zerodha Capital,ZERODHA CAPITAL,Sovereign Gold Bond Purchase,Investments
Apple Store Digital,APPLE STORE DIGITAL,Apple Watch Series 9,Shopping
Uber,UBER,Uber Moto Short Ride,Transportation
Family Corporate Payout,SALARY/DIYASINGHANIA,Monthly Salary Credit - May 2025,Miscellaneous
Nykaa Retail,NYKAA BEAUTY RETAIL,Hair Serum & Moisturizer,Shopping
Amazon India,AMAZON SELLER SERVICES,Cotton Casual Shirts,Shopping
Indane LPG Gas Bill,INDIAN OIL LPG BILL,14.2kg Domestic LPG Cylinder Booking,Utilities
Country Delight Store,COUNTRY DELIGHT STORE,Country Delight Store - Recurring Subscription,Groceries
Chai Point,CHAI POINT,Filter Coffee & Bun Maska,Food & Dining
BusinessOwner Corporate Payout,SALARY/DEVREDDY,Monthly Salary Credit - October 2025,Miscellaneous
CRED RentPay Pay,CRED RENTPAY PAY,CRED RentPay Pay - Recurring Subscription,Rent & Housing
Beardo Spa,ZED BLACK BEARDO SPA,Charcoal Face Wash & Grooming Kit,Grooming
Coursera Edu,COURSERA EDU,Coursera Edu - Recurring Subscription,Education
School Tuition Fee Edu,DELHI PUBLIC SCHOOL FEE EDU,Quarterly School Tuition & Transport Fee,Education
McDonald's Express,MCD DELIVERY EXPRESS,McSpicy Chicken Meal,Food & Dining
Haldiram's Delivery,HALDIRAMS DELIVERY,Assorted Sweets Box,Food & Dining
Mainland China Express,MAINLAND CHINA EXPRESS,Chinese Buffet,Food & Dining
IOCL Fuel Pay,INDIANOIL CORP PAY,XtraPremium Petrol Refill,Transportation
Bikanervala Express,BIKANERVALA SWEETS EXPRESS,Special Thali,Food & Dining
Crossword Bookstore Edu,CROSSWORD BOOKSTORES EDU,Technical Books & Fiction Novels,Education
Uber Service,UBER*PAYMENT SERVICE,Uber Go Intercity,Transportation
Airbnb India,AIRBNB,Beachfront Homestay Gokarna,Vacation
Scaler Academy Learning,SCALER ACADEMY LEARNING,Software Engineering Track Installment,Education
Vi Postpaid Bill,VI POSTPAID BILL,Mobile Postpaid Monthly Bill,Utilities
PPF Deposit Investments,SBI PPF ACCOUNT INVESTMENTS,Annual PPF Tax Saving Contribution,Investments
Udemy,UDEMY,Python Data Science Masterclass Course,Education
Local Kirana Store Store,UPAHAR PROVISIONS STORE,Loose Dal & Rice,Groceries
MSEDCL Power,MAHARASHTRA ELECTRICITY,MSEDCL Power - Recurring Subscription,Utilities
Airtel Broadband Bill,AIRTEL BROADBAND BILL,Fiber Optic Broadband Monthly Bill 200Mbps,Utilities
Domino's Pizza Express,DOMINOS EXPRESS,Choco Lava Cake,Food & Dining
Zerodha Investments,ZERODHA COIN INVESTMENTS,Equity Shares Purchase,Investments
Coursera Edu,COURSERA EDU,Deep Learning Specialization Certificate Fee,Education
Jawed Habib Salon Spa,JAWED HABIB SPA,"Haircut, Wash & Styling",Grooming
Flipkart Digital,FLIPKART INTERNET DIGITAL,Running Shoes & Sports Wear,Shopping
Urban Company Care,URBANIC TECH CARE,Salon at Home - Haircut & Facial,Grooming
Zepto Store,ZEPTO DAILY STORE,Fresh Tomatoes & Onions,Groceries
D-Mart Store,DMART STORE,Detergents & Toiletries,Groceries
Investor Corporate Payout,SALARY/VIKRAMMEHTA,Monthly Salary Credit - February 2025,Miscellaneous
Society Maintenance Online,MYGATE MAINTENANCE ONLINE,Society Maintenance Online - Recurring Subscription,Rent & Housing
Swiggy,Swiggy,Instamart Milk,Groceries
BigBasket Direct,BIGBASKET DIRECT,Personal Care & Household,Groceries
Zudio Digital,TRENT LTD ZUDIO DIGITAL,Winter Hoodie & Trackpants,Shopping
Prime Video Digital,AMAZON PRIME DIGITAL,Amazon Prime Annual Membership,Entertainment
McDonald's Outlet,MCDONALDS Ahmedabad OUTLET,McSpicy Chicken Meal,Food & Dining
Subway Express,SUBWAY INDIA EXPRESS,Roasted Chicken Sub,Food & Dining
Adani Electricity Bill,ADANI POWER MUMBAI BILL,Monthly Power Utility Payment,Utilities
Coursera Academy,COURSERA ACADEMY,Coursera Academy - Recurring Subscription,Education
Cafe Coffee Day Delivery,CCD DELIVERY,Tropical Ice Tea,Food & Dining
Naturals Salon Care,NATURALS SALON CARE,Facial & Threading,Grooming
Ola Cabs Pay,OLA PAY,Ola Prime SUV Family Ride,Transportation
Airtel Broadband,AIRTEL BROADBAND,Airtel Broadband - Recurring Subscription,Utilities
Namma Metro Fuel,BMRCL FUEL,Namma Metro Card Recharge,Transportation
NoBroker Rent Pay Online,NOBROKER TECHNOLOGIES ONLINE,NoBroker Rental Agreement Fee,Rent & Housing
WorkingProfessional Corporate Payout,SALARY/RAHULJOSHI,Monthly Salary Credit - October 2025,Miscellaneous
Unacademy Academy,SORTING HAT TECHNOLOGIES ACADEMY,CAT Exam Preparation Plus Subscription,Education
IndiGo Pay,INDIGO PAY,Flight Ticket - Blr to Del,Transportation
Society Maintenance Online,APARTMENT ASSN MAINTENANCE ONLINE,Quarterly Maintenance Fee,Rent & Housing
Goibibo Travels,GOIBIBO TRAVELS,Weekend Hotel Booking in Coorg,Vacation
Goibibo Travels,GOIBIBO TRAVELS,Weekend Hotel Booking in Coorg,Vacation
Reliance Fresh Store,RELIANCE SMART STORE,Household Cleaners,Groceries
Zomato Delivery,ZOMATO DELIVERY,North Indian Combo,Food & Dining
Investor Corporate Payout,SALARY/KAVYAGUPTA,Monthly Salary Credit - March 2025,Miscellaneous
ICICI Direct Investments,ICICI SECURITIES INVESTMENTS,Equity Portfolio Investment,Investments
Apollo Pharmacy Healthcare,APOLLO HOSPITALS PHARMA HEALTHCARE,Prescription Medicines & Vitamins,Healthcare
Student Corporate Payout,SALARY/ARJUNRAO,Monthly Salary Credit - September 2025,Miscellaneous
Burger King Delivery,BK DELIVERY DELIVERY,Whopper Combo,Food & Dining
NoBroker Rent Pay Pay,NOBROKER RENT PAY,NoBroker Rental Agreement Fee,Rent & Housing
YouTube Premium Digital,GOOGLE YOUTUBE DIGITAL,YouTube Family Subscription,Entertainment
WorkingProfessional Corporate Payout,SALARY/ARJUNSINGHANIA,Monthly Salary Credit - December 2025,Miscellaneous
Nykaa Digital,NYKAA BEAUTY DIGITAL,Makeup Products & Foundation,Shopping
Chaayos Delivery,CHAAYOS CAFE DELIVERY,Adrak Elaichi Tea,Food & Dining
Domino's Pizza Outlet,DOMINOS OUTLET,Cheese Burst Pizza,Food & Dining
Baskin Robbins,GRAVISS FOODS,Two Scoop Waffle Cone,Food & Dining
Tata Play DTH Bill,TATA PLAY BILL,DTH Monthly HD Pack Recharge,Utilities
Licious,LICIOUS,Atlantic Salmon Fillet,Groceries
Prime Video India,AMAZON PRIME SUBSCRIPTION INDIA,Prime Video India - Recurring Subscription,Entertainment
H&M India Digital,H&M RETAIL INDIA DIGITAL,Cotton Basic Tops,Shopping
Taj Hotels,INDIAN HOTELS CO LTD,Taj Lake Palace Luxury Suite Weekend Stay,Vacation
SpiceJet Pay,SPICEJET AIRLINES PAY,Flight Ticket Booking,Transportation
Housing.com Rent Pay,LOCON SOLUTIONS PAY,House Rent Payment via Housing Pay,Rent & Housing
Air India,AIR INDIA,Flight Booking to Mumbai,Transportation
Apple Store Retail,APPLE STORE RETAIL,iPhone 15 Pro Purchase,Shopping
Swiggy Express,SWIGGY FOODS EXPRESS,Veg Meals,Food & Dining
BusinessOwner Corporate Payout,SALARY/SIDDHARTHJOSHI,Monthly Salary Credit - May 2025,Miscellaneous
SonyLIV Media,CULVER MAX ENTERTAINMENT MEDIA,SonyLIV Media - Recurring Subscription,Entertainment
Swiggy Instamart,SWIGGY GROCERY,Biscuits & Beverages,Groceries
Prime Video India,AMAZON PRIME SUBSCRIPTION INDIA,Prime Monthly Video Plan,Entertainment
Society Maintenance,SOCIETY MAINTENANCE,Quarterly Maintenance Fee,Rent & Housing
BPCL Fuel Fuel,BHARAT PETROLEUM FUEL,Speed Petrol Refill,Transportation
Coursera,COURSERA INC,Deep Learning Specialization Certificate Fee,Education
Local Kirana Store,KIRANA STORE,Sugar & Salt,Groceries
Dr Lal PathLabs Healthcare,DR LAL PATHLABS HEALTHCARE,Thyroid Profile Test,Healthcare
Country Delight Mart,COUNTRY DELIGHT MART,Pure Desi Ghee,Groceries
Licious Store,LICIOUS STORE,Fresh Chicken Breast,Groceries
BusinessOwner Corporate Payout,SALARY/ISHANPATEL,Monthly Salary Credit - March 2025,Miscellaneous
Swiggy Outlet,SWIGGY FOODS OUTLET,Veg Meals,Food & Dining
Cafe Coffee Day Express,COFFEE DAY GLOBAL EXPRESS,Cafe Latte & Garlic Toast,Food & Dining
Local Kirana Store Store,LAKSHMI STORES STORE,Packet Milk & Biscuits,Groceries
Myntra Retail,MYNTRA FASHION RETAIL,Leather Jacket & Boots,Shopping
Taj Hotels,TAJ RESORTS,Fine Dining & Spa,Vacation
KFC Outlet,KFC OUTLET,Smoky Red Chicken,Food & Dining
Zomato Express,ZOMATO Indore EXPRESS,Burger Meal,Food & Dining
Pizza Hut Express,PIZZA HUT ONLINE EXPRESS,Tandoori Paneer Pizza,Food & Dining
Landlord Direct Rent Pay,HOUSE RENT UPI PAY,House Rent for Current Month,Rent & Housing
Zara India Store,ZARA STORE,Slim Fit Denim Jeans,Shopping
Empire Restaurant Delivery,HOTEL EMPIRE DELIVERY,Ghee Rice & Kebab,Food & Dining
Namma Yatri Pay,MOVING TECH NAMMA PAY,Direct Auto Payment,Transportation
Pizza Hut Delivery,PIZZA HUT DELIVERY,Tandoori Paneer Pizza,Food & Dining
Adani Electricity,ADANI POWER MUMBAI,Adani Electricity - Recurring Subscription,Utilities
Society Maintenance,SOCIETY MAINTENANCE,Monthly Society Maintenance & Water Charges,Rent & Housing
Coursera Learning,COURSERA LEARNING,Deep Learning Specialization Certificate Fee,Education
WorkingProfessional Corporate Payout,SALARY/RIYAVERMA,Monthly Salary Credit - June 2025,Miscellaneous
FreshToHome,FRESHTOHOME,Marinated Meat Items,Groceries
NPS Contribution Investments,CRA NSDL NPS INVESTMENTS,NPS Contribution Investments - Recurring Subscription,Investments
PharmEasy Medical,PHARMEASY ONLINE MEDICAL,Blood Pressure Monitor,Healthcare
Zudio,TRENT LTD ZUDIO,Winter Hoodie & Trackpants,Shopping
MakeMyTrip,MAKEMYTRIP,Roundtrip Flight & Hotel Combo,Vacation
Coursera Academy,COURSERA INC ACADEMY,Deep Learning Specialization Certificate Fee,Education
Swiggy Express,SWIGGY EXPRESS,Late Night Snacks,Food & Dining
NoBroker Rent Pay,NOBROKER RENT,NoBroker Rent Pay - Recurring Subscription,Rent & Housing
Zara India Fashion,ZARA FASHION,Slim Fit Denim Jeans,Shopping
Vijay Sales Retail,VIJAY SALES RETAIL,Double Door Refrigerator,Shopping
DTDC Express,DTDC,Outstation Courier Document Charge,Miscellaneous
Spotify Digital,SPOTIFY DIGITAL,Spotify Duo Monthly Plan,Entertainment
Disney+ Hotstar Digital,DISNEY+ HOTSTAR DIGITAL,Disney+ Hotstar Digital - Recurring Subscription,Entertainment
Oyo Rooms,OYO ROOMS,Business Trip Overnight Stay,Vacation
PhysicsWallah Academy,PW LIVE ACADEMY,JEE Main Target Batch Course Fee,Education
FreshToHome Direct,FRESHTOHOME FOODS DIRECT,Fresh Sea Fish,Groceries
Zepto,KIRANAKART,Instant Grocery Delivery,Groceries
FreshToHome Mart,FRESHTOHOME MART,Antibiotic-free Chicken,Groceries
IRCTC,IRCTC E-TICKETING,Rajdhani Express AC 2 Tier,Transportation
MSEDCL Power Utility,MAHARASHTRA ELECTRICITY UTILITY,Power & Electricity Monthly Charges,Utilities
Udemy,UDEMY ONLINE COURSES,Fullstack Web Development Bootcamp,Education
PPF Deposit Capital,PUBLIC PROVIDENT FUND CAPITAL,PPF Deposit Capital - Recurring Subscription,Investments
Beardo,ZED BLACK BEARDO,Beard Oil & Growth Serum,Grooming
MakeMyTrip Stays,MMT INDIA STAYS,Manali Tour Package Booking,Vacation
Ajio Retail,RELIANCE RETAIL AJIO RETAIL,Winter Wear Jackets,Shopping
Tata Power Bill,TATA POWER DELHI BILL,Electricity Bill Payment,Utilities
Upstox Investments,RKSV SECURITIES INVESTMENTS,FNO Options Investment,Investments
Investor Corporate Payout,SALARY/SNEHAIYER,Monthly Salary Credit - May 2025,Miscellaneous
D-Mart Mart,DMART READY MART,Detergents & Toiletries,Groceries
Crossword Bookstore Edu,CROSSWORD BOOKSTORES EDU,Notebooks & Premium Stationery,Education
Ajio Store,RELIANCE RETAIL AJIO STORE,Ethnawear Kurtis,Shopping
Baskin Robbins Delivery,GRAVISS FOODS DELIVERY,Mississippi Mud Sundae,Food & Dining
Paradise Biryani Express,PARADISE FOOD COURT EXPRESS,Hyderabadi Mutton Biryani,Food & Dining
Indane LPG Gas,INDIAN OIL LPG,14.2kg Domestic LPG Cylinder Booking,Utilities
MakeMyTrip Travels,MAKEMYTRIP TRAVELS,Roundtrip Flight & Hotel Combo,Vacation
D-Mart Mart,DMART READY MART,Cooking Oil & Rice Pack,Groceries
Pizza Hut Express,PIZZA HUT ONLINE EXPRESS,Pasta & Garlic Bread,Food & Dining
Airbnb India Travels,AIRBNB PAYMENTS TRAVELS,Private Villa Booking in Lonavala,Vacation
Indane LPG Gas Bill,INDIAN OIL LPG BILL,14.2kg Domestic LPG Cylinder Booking,Utilities
McDonald's Delivery,HARDCASTLE RESTAURANTS DELIVERY,Cold Coffee & Soft Serve,Food & Dining
Social Delivery,IMPRESARIO ENTERTAINMENT DELIVERY,Weekend Drinks with Friends,Food & Dining
Nykaa Fashion,NYKAA FASHION,Hair Serum & Moisturizer,Shopping
Goibibo,GOIBIBO,Weekend Hotel Booking in Coorg,Vacation
Crossword Bookstore Edu,CROSSWORD BOOKSTORES EDU,Technical Books & Fiction Novels,Education
Blinkit,HANDS ON TRADES,Morning Breakfast Supplies,Groceries
Bodycraft Salon Spa,BODYCRAFT SPA,Skin De-tan & Haircare Package,Grooming
Domino's Pizza Express,JUBILANT FOODWORKS EXPRESS,Farmhouse Pizza & Garlic Bread,Food & Dining
Bikanervala,BIKANERVALA SWEETS,Samosa & Jalebi,Food & Dining
D-Mart Direct,DMART Kolkata DIRECT,Cooking Oil & Rice Pack,Groceries
Subway,SUBWAY INDIA,Paneer Tikka Sub 6-inch,Food & Dining
BESCOM Electricity,BESCOM BILL PAY,BESCOM Electricity - Recurring Subscription,Utilities
Taco Bell Outlet,BURMAN HOSPITALITY TACO OUTLET,Naked Chicken Taco,Food & Dining
Pet Care Clinic Services,PET CARE CLINIC SERVICES,Pet Vaccination & Routine Health Checkup,Miscellaneous
Landlord Direct Rent Online,HOUSE RENT UPI ONLINE,House Rent for Current Month,Rent & Housing
PharmEasy Medical,API HOLDINGS MEDICAL,Monthly Medicine Order,Healthcare
Local Kirana Store Mart,KIRANA STORE MART,Loose Dal & Rice,Groceries
Bodycraft Salon Care,BODYCRAFT CARE,Aromatherapy Massage,Grooming
BookMyShow India,BIGTREE ENTERTAINMENT INDIA,Standup Comedy Show Tickets,Entertainment
Zerodha Investments,ZERODHA INVESTMENTS,Zerodha Investments - Recurring Subscription,Investments
Dr Lal PathLabs Healthcare,DR LAL PATHLABS HEALTHCARE,Full Body Health Checkup Package,Healthcare
Scaler Academy Learning,SCALER ACADEMY LEARNING,Software Engineering Track Installment,Education
PhysicsWallah Academy,PW LIVE ACADEMY,JEE Main Target Batch Course Fee,Education
Swiggy Instamart Direct,INSTAMART DIRECT,Snack Pantry Refill,Groceries
Decathlon Retail,DECATHLON RETAIL,Trekking Backpack & Shoes,Shopping
SonyLIV Media,CULVER MAX ENTERTAINMENT MEDIA,SonyLIV Premium Annual Subscription,Entertainment
Landlord Direct Rent Pay,HOUSE RENT UPI PAY,House Rent for Current Month,Rent & Housing
Disney+ Hotstar India,NOVI DIGITAL INDIA,Disney+ Hotstar Super Plan,Entertainment
Third Wave Coffee Outlet,CUSTOMIZED COFFEE PVT OUTLET,Avocado Toast & Latte,Food & Dining
Landlord Direct Rent,HOUSE RENT UPI,Room Rent Payment,Rent & Housing
Naturals Ice Cream Delivery,KAMAT HOTELS NATURALS DELIVERY,Family Pack Tub,Food & Dining
Oyo Rooms Holidays,ORAVEL STAYS HOLIDAYS,Business Trip Overnight Stay,Vacation
Upstox Capital,UPSTOX CAPITAL,Stock Trading Margin Topup,Investments
Adani Electricity Utility,ADANI POWER MUMBAI UTILITY,Monthly Power Utility Payment,Utilities
Swiggy Instamart Store,SWIGGY GROCERY STORE,Biscuits & Beverages,Groceries
Flipkart Store,FKMP PAY STORE,Smart TV Purchase,Shopping
HPCL Fuel Pay,HP PETROL PUMP PAY,Petrol Tank Full,Transportation
Reliance Fresh Direct,RELIANCE RETAIL DIRECT,Household Cleaners,Groceries
Coursera Learning,COURSERA INC LEARNING,Coursera Plus Annual Subscription,Education
Apollo Pharmacy Healthcare,APOLLO 247 HEALTHCARE,First Aid & Skincare Items,Healthcare
Zara India Retail,INDITEX ZARA RETAIL,Leather Handbag,Shopping
NPS Contribution Capital,NPS TRUST CAPITAL,Tier-1 NPS Retirement Contribution,Investments
More Megastore,MORE SUPERMARKET,Supermarket Groceries Order,Groceries
ICICI Direct,ICICI SECURITIES,Corporate Bond Purchase,Investments
Retired Corporate Payout,SALARY/DEVRAO,Monthly Salary Credit - November 2025,Miscellaneous
Crossword Bookstore Academy,CROSSWORD ACADEMY,Notebooks & Premium Stationery,Education
MSEDCL Power Bill,MAHARASHTRA ELECTRICITY BILL,Power & Electricity Monthly Charges,Utilities
Unacademy Learning,SORTING HAT TECHNOLOGIES LEARNING,CAT Exam Preparation Plus Subscription,Education
Rapido Fuel,RAPIDO BIKE FUEL,Rapido Bike Taxi Ride,Transportation
Country Delight Direct,ORGANICS COUNTRY DELIGHT DIRECT,Country Delight Direct - Recurring Subscription,Groceries
Bodycraft Salon Salon,BODYCRAFT SALON,Aromatherapy Massage,Grooming
Landlord Direct Rent Online,HOUSE RENT UPI ONLINE,House Rent for Current Month,Rent & Housing
Student Corporate Payout,SALARY/YASHVERMA,Monthly Salary Credit - December 2025,Miscellaneous
Family Corporate Payout,SALARY/KAVYAIYER,Monthly Salary Credit - April 2025,Miscellaneous
MSEDCL Power,MAHARASHTRA ELECTRICITY,MSEDCL Power - Recurring Subscription,Utilities
Namma Yatri Service,MOVING TECH NAMMA SERVICE,Auto Ride via Namma Yatri,Transportation
Amazon India,AMZN PAY,Home Decor Items,Shopping
Groww,GROWW SIP,Direct Equity Investment,Investments
Domino's Pizza Express,DOMINOS EXPRESS,Cheese Burst Pizza,Food & Dining
Urban Company Spa,URBAN COMPANY SPA,Pedicure & Manicure,Grooming
Westside,TRENT LIMITED WESTSIDE,Formal Trousers & Blazers,Shopping
Prime Video Digital,PRIME VIDEO DIGITAL,Prime Video Digital - Recurring Subscription,Entertainment
KFC Delivery,KFC ONLINE DELIVERY,Zinger Burger Meal,Food & Dining
Beardo Salon,BEARDO SALON,Beard Oil & Growth Serum,Grooming
Airbnb India Stays,AIRBNB PAYMENTS STAYS,Beachfront Homestay Gokarna,Vacation
Wow! Momo Express,WOW MOMO FOODS EXPRESS,Steamed Chicken Momos,Food & Dining
Udemy Academy,UDEMY ACADEMY,Python Data Science Masterclass Course,Education
NPS Contribution Investments,CRA NSDL NPS INVESTMENTS,NPS Contribution Investments - Recurring Subscription,Investments
McDonald's,MCDONALDS,McVeggie Burger & Fries,Food & Dining
Zerodha,ZERODHA,Equity Shares Purchase,Investments
Airbnb India,AIRBNB,Private Villa Booking in Lonavala,Vacation
Croma Fashion,CROMA FASHION,Washing Machine Front Load,Shopping
PharmEasy,API HOLDINGS,Health Supplements & Protein,Healthcare
Zerodha,ZERODHA COIN,Zerodha - Recurring Subscription,Investments
Wonderla Media,WONDERLA MEDIA,Wonderla Weekend Family Passes,Entertainment
Paytm Money Investments,PAYTM MONEY INVESTMENTS,Nifty 50 Mutual Fund SIP,Investments
Lenskart,LENSKART,Contact Lenses & Solution,Healthcare
Urban Company Spa,URBAN CLAP SPA,Salon at Home - Haircut & Facial,Grooming
IndiGo Service,INDIGO AIRLINES SERVICE,Flight Ticket - Blr to Del,Transportation
Apple Music India,APPLE MUSIC INDIA,Apple Music Monthly Student/Individual Plan,Entertainment
Social Express,IMPRESARIO ENTERTAINMENT EXPRESS,Weekend Drinks with Friends,Food & Dining
Paytm Money Capital,PAYTM CAPITAL CAPITAL,Nifty 50 Mutual Fund SIP,Investments
PPF Deposit,PPF DEPOSIT,PPF Deposit - Recurring Subscription,Investments
Apple Store Retail,UNICORN APPLE RETAIL,AirPods Pro 2,Shopping
Flipkart Digital,FLIPKART INTERNET DIGITAL,Smart TV Purchase,Shopping
Subway Outlet,SUBWAY OUTLET,Paneer Tikka Sub 6-inch,Food & Dining
Blinkit Direct,BLINKIT DIRECT,Late Night Munchies,Groceries
Namma Metro Service,BMRCL SERVICE,Metro QR Ticket,Transportation
Myntra Store,MYNTRA STORE,Denim Jeans & T-shirts,Shopping
Booking.com Travels,BOOKING.COM TRAVELS,Luxury Heritage Hotel Stay Jaipur,Vacation
Baskin Robbins Outlet,GRAVISS FOODS OUTLET,Two Scoop Waffle Cone,Food & Dining
Oyo Rooms Stays,ORAVEL STAYS STAYS,Budget Hotel Stay for 2 Nights,Vacation
KFC,DEVYANI INTERNATIONAL,Hot & Crispy Bucket,Food & Dining
PPF Deposit Capital,PUBLIC PROVIDENT FUND CAPITAL,PPF Deposit Capital - Recurring Subscription,Investments
Namma Yatri Fuel,NAMMA YATRI FUEL,Direct Auto Payment,Transportation
Booking.com Stays,BOOKING.COM STAYS,Boutique Resort Stay Udaipr,Vacation
Netflix India,NETFLIX INDIA,Netflix Standard Monthly Plan,Entertainment
Delhi Metro Fuel,DMRC CARD RECHARGE FUEL,Metro Card Auto-Topup,Transportation
Amazon India Retail,AMAZON PAY INDIA RETAIL,Home Decor Items,Shopping
Amazon India Fashion,AMAZON FASHION,Wireless Bluetooth Earbuds,Shopping
MSEDCL Power,MAHARASHTRA ELECTRICITY,Power & Electricity Monthly Charges,Utilities
KFC,KFC INDIA,Popcorn Chicken,Food & Dining
Spotify,SPOTIFY INDIA,Spotify Premium Individual Plan,Entertainment
Society Maintenance Online,MYGATE MAINTENANCE ONLINE,Monthly Society Maintenance & Water Charges,Rent & Housing
CRED RentPay,DREAMPLUG RENT,Flat Rent Pay via CRED,Rent & Housing
Student Corporate Payout,SALARY/DEVPATEL,Monthly Salary Credit - May 2025,Miscellaneous
Country Delight,ORGANICS COUNTRY DELIGHT,Fresh Paneer & Taaza Dahi,Groceries
Urban Company Salon,URBAN CLAP SALON,Deep Tissue Full Body Massage,Grooming
Crossword Bookstore,CROSSWORD BOOKSTORES,Notebooks & Premium Stationery,Education
Naturals Salon Spa,NATURALS SALON SPA,Hair Coloring & Keratin Treatment,Grooming
Upstox Investments,UPSTOX INVESTMENTS,Stock Trading Margin Topup,Investments
Swiggy Outlet,SWIGGY*PAY OUTLET,Pizza Order,Food & Dining
Scaler Academy Learning,INTERVIEWBIT LEARNING,Scaler Academy Learning - Recurring Subscription,Education
CRED RentPay Online,CRED RENTPAY ONLINE,House Rent Transfer via Credit Card,Rent & Housing
BusinessOwner Corporate Payout,SALARY/ISHANPATEL,Monthly Salary Credit - July 2025,Miscellaneous
Delhi Metro Fuel,DMRC CARD RECHARGE FUEL,Metro Smart Card Recharge,Transportation
Coursera Academy,COURSERA ACADEMY,Coursera Plus Annual Subscription,Education
Cafe Coffee Day,CAFE COFFEE DAY,Cappuccino,Food & Dining
Reliance Fresh Direct,RELIANCE RETAIL DIRECT,Monthly Pantry Groceries,Groceries
Licious Store,LICIOUS STORE,Prawns & Fish,Groceries
KFC Express,DEVYANI INTERNATIONAL EXPRESS,Popcorn Chicken,Food & Dining
Unacademy Academy,SORTING HAT TECHNOLOGIES ACADEMY,CAT Exam Preparation Plus Subscription,Education
Urban Company,URBAN COMPANY,Salon at Home - Haircut & Facial,Grooming
Flipkart Retail,FLIPKART RETAIL,Running Shoes & Sports Wear,Shopping
Starbucks Delivery,STARBUCKS COFFEE DELIVERY,Iced Americano & Croissant,Food & Dining
Tata Play DTH,TATA PLAY,Tata Play DTH - Recurring Subscription,Utilities
Swiggy,SWIGGY FOODS,Veg Meals,Food & Dining
Third Wave Coffee Delivery,THIRD WAVE COFFEE DELIVERY,Vietnamese Iced Coffee,Food & Dining
Air India Service,TATA AIR INDIA SERVICE,Business Class Upgrade,Transportation
Cult.fit Gym Care,CULT FIT CARE,Cultpass Elite 12 Months Gym Membership,Healthcare
NoBroker Rent Pay,NOBROKER RENT,Monthly Flat Rent Payment,Rent & Housing
Chai Point Delivery,MOUNTAIN TRAIL FOODS DELIVERY,Ice Chai & Sandwich,Food & Dining
Udemy,UDEMY ONLINE COURSES,Fullstack Web Development Bootcamp,Education
Nature's Basket Mart,SPENCERS NATURES BASKET MART,Exotic Vegetables & Cheese,Groceries
Paytm Money,PAYTM MONEY,Paytm Money - Recurring Subscription,Investments
Wow! Momo Express,WOW MOMO EXPRESS,Pan Fried Veg Momos,Food & Dining
Zudio Store,ZUDIO STORE,Casual T-shirts & Shorts,Shopping
Paytm Money Capital,PAYTM MONEY CAPITAL,ELSS Tax Saver Fund SIP,Investments
Subway,SUBWAY,Roasted Chicken Sub,Food & Dining
ICICI Direct Investments,ICICI DIRECT INVESTMENTS,Corporate Bond Purchase,Investments
Westside Fashion,WESTSIDE FASHION,Formal Trousers & Blazers,Shopping
Indane LPG Gas,INDANE GAS,Indane LPG Gas - Recurring Subscription,Utilities
Local Kirana Store Mart,LAKSHMI STORES MART,Soap & Shampoo Sachet,Groceries
Pizza Hut,PIZZA HUT,Tandoori Paneer Pizza,Food & Dining
ICICI Direct Capital,ICICI SECURITIES CAPITAL,Equity Portfolio Investment,Investments
JioFiber Utility,RELIANCE JIO INFOCOMM UTILITY,JioFiber Unlimited Internet Monthly Plan,Utilities
Third Wave Coffee Outlet,CUSTOMIZED COFFEE PVT OUTLET,Vietnamese Iced Coffee,Food & Dining
Country Delight Direct,ORGANICS COUNTRY DELIGHT DIRECT,Cow Milk Monthly Subscription,Groceries
Domino's Pizza Express,DOMINOS PIZZA EXPRESS,Party Combo,Food & Dining
Zepto Direct,ZEPTO DIRECT,Instant Grocery Delivery,Groceries
Adani Electricity Bill,ADANI ELECTRICITY BILL,Adani Electricity Bill - Recurring Subscription,Utilities
Landlord Direct Rent Pay,RENT PAYMENT PAY,Landlord Direct Rent Pay - Recurring Subscription,Rent & Housing
BookMyShow Digital,BMS TICKETS DIGITAL,Movie Tickets for 2 - IMAX 3D,Entertainment
Decathlon Store,DECATHLON STORE,Yoga Mat & Dumbbells,Shopping
Haldiram's Delivery,HALDIRAMS SWEETS DELIVERY,Pav Bhaji & Sweets Pack,Food & Dining
Vijay Sales Digital,VIJAY SALES RETAIL DIGITAL,Microwave Oven,Shopping
Cafe Coffee Day Express,COFFEE DAY GLOBAL EXPRESS,Cappuccino,Food & Dining
Pizza Hut,PIZZA HUT,Personal Pan Pizza,Food & Dining
Amazon India,AMAZON,Wireless Bluetooth Earbuds,Shopping
Chaayos,CHAAYOS,Kulhad Chai & Poha,Food & Dining
CRED RentPay Pay,DREAMPLUG RENT PAY,Flat Rent Pay via CRED,Rent & Housing
Unacademy,SORTING HAT TECHNOLOGIES,CAT Exam Preparation Plus Subscription,Education
School Tuition Fee Academy,DELHI PUBLIC SCHOOL FEE ACADEMY,Quarterly School Tuition & Transport Fee,Education
CRED RentPay,DREAMPLUG RENT,House Rent Transfer via Credit Card,Rent & Housing
H&M India,H&M RETAIL INDIA,Cotton Basic Tops,Shopping
Naturals Ice Cream Outlet,KAMAT HOTELS NATURALS OUTLET,Tender Coconut Ice Cream,Food & Dining
Housing.com Rent Online,LOCON SOLUTIONS ONLINE,House Rent Payment via Housing Pay,Rent & Housing
Jawed Habib Salon Spa,JAWED HABIB SPA,Beard Trim & Hair Spa,Grooming
FASTag Recharge Fuel,NETC FASTAG FUEL,FASTag Auto Recharge,Transportation
Apple Store Store,UNICORN APPLE STORE,AirPods Pro 2,Shopping
Nykaa Store,FSN E-COMMERCE STORE,Hair Serum & Moisturizer,Shopping
CRED RentPay,DREAMPLUG RENT,Flat Rent Pay via CRED,Rent & Housing
CRED RentPay,CRED RENTPAY,CRED RentPay - Recurring Subscription,Rent & Housing
Country Delight Store,COUNTRY DELIGHT STORE,Pure Desi Ghee,Groceries
Unacademy Academy,SORTING HAT TECHNOLOGIES ACADEMY,UPSC Coaching Subscription,Education
HPCL Fuel Service,HP PETROL PUMP SERVICE,Diesel Refill,Transportation
Licious Direct,DELIGHTFUL GOURMET DIRECT,Prawns & Fish,Groceries
Family Corporate Payout,SALARY/ISHANKAPOOR,Monthly Salary Credit - July 2025,Miscellaneous
Haldiram's Outlet,HALDIRAM RESTAURANT OUTLET,Pav Bhaji & Sweets Pack,Food & Dining
Netflix Media,NETFLIX INDIA MEDIA,Netflix Premium 4K Plan,Entertainment
BESCOM Electricity Utility,BANGALORE ELECTRICITY UTILITY,Monthly Electricity Consumption Bill,Utilities
Wow! Momo Express,WOW MOMO FOODS EXPRESS,Momo Burger Combo,Food & Dining
Myntra Digital,MYNTRA FASHION DIGITAL,Festive Kurta Set,Shopping
Jawed Habib Salon Salon,JAWED HABIB SALON,Beard Trim & Hair Spa,Grooming
Namma Yatri,MOVING TECH NAMMA,Auto Ride via Namma Yatri,Transportation
KFC Delivery,KFC ONLINE DELIVERY,Smoky Red Chicken,Food & Dining
Amazon India Store,AMAZON SELLER SERVICES STORE,Cotton Casual Shirts,Shopping
Flipkart Retail,FLIPKART RETAIL,Kitchen Mixer Grinder,Shopping
BigBasket Store,BB DAILY STORE,Personal Care & Household,Groceries
Uber,UBER INDIA,Uber Auto Ride to Office,Transportation
Chaayos Express,SUNSHINE TEAHOUSE EXPRESS,Desi Chai & Maska Bun,Food & Dining
IRCTC Service,IRCTC SERVICE,Sleeper Class Ticket,Transportation
Local Kirana Store Mart,KIRANA STORE MART,Packet Milk & Biscuits,Groceries
WorkingProfessional Corporate Payout,SALARY/SIDDHARTHSHARMA,Monthly Salary Credit - May 2025,Miscellaneous
Upstox,RKSV SECURITIES,Stock Trading Margin Topup,Investments
Uber Service,UBER SERVICE,Uber Premier Airport Drop,Transportation
Bodycraft Salon Spa,BODYCRAFT SPA,Aromatherapy Massage,Grooming
Mainland China Outlet,SPECIALITY RESTAURANTS OUTLET,Dim Sum & Dumplings,Food & Dining
Uber Fuel,UBER INDIA FUEL,Uber Auto Ride to Office,Transportation
Croma Retail,CROMA RETAIL,OLED 4K Smart TV,Shopping
Crossword Bookstore Learning,CROSSWORD BOOKSTORES LEARNING,Technical Books & Fiction Novels,Education
Spotify Media,SPOTIFY INDIA MEDIA,Spotify Duo Monthly Plan,Entertainment
Amazon India Store,AMAZON SELLER SERVICES STORE,Home Decor Items,Shopping
Netflix Digital,NETFLIX INDIA DIGITAL,Netflix Digital - Recurring Subscription,Entertainment
KFC Delivery,KFC INDIA DELIVERY,Hot & Crispy Bucket,Food & Dining
KFC,KFC,Zinger Burger Meal,Food & Dining
Udemy Academy,UDEMY ACADEMY,Fullstack Web Development Bootcamp,Education
ICICI Direct Investments,ICICI SECURITIES INVESTMENTS,Equity Portfolio Investment,Investments
Vijay Sales,VIJAY SALES,Double Door Refrigerator,Shopping
Paytm Money,PAYTM MONEY,Paytm Money - Recurring Subscription,Investments
FreshToHome Direct,FRESHTOHOME FOODS DIRECT,Antibiotic-free Chicken,Groceries
Coursera,COURSERA,Coursera - Recurring Subscription,Education
Chaayos Outlet,CHAAYOS CAFE OUTLET,Kulhad Chai & Poha,Food & Dining
Beardo Salon,ZED BLACK BEARDO SALON,Charcoal Face Wash & Grooming Kit,Grooming
Swiggy Express,Swiggy Chennai EXPRESS,Pizza Order,Food & Dining
HP Gas Bill,HP GAS BILL,HP Gas Bill - Recurring Subscription,Utilities
Unacademy Learning,SORTING HAT TECHNOLOGIES LEARNING,UPSC Coaching Subscription,Education
Practo,PRACTO CARE,Dentist Appointment Booking,Healthcare
NPS Contribution Investments,CRA NSDL NPS INVESTMENTS,Tier-1 NPS Retirement Contribution,Investments
India Post Direct,POST OFFICE PAY DIRECT,Registered Speed Post Parcel Charges,Miscellaneous
Family Corporate Payout,SALARY/ARJUNSHARMA,Monthly Salary Credit - November 2025,Miscellaneous
Cult.fit Gym Medical,CUREFIT HEALTHCARE MEDICAL,Cultpass Elite 12 Months Gym Membership,Healthcare
Air India Pay,TATA AIR INDIA PAY,Flight Booking to Mumbai,Transportation
Wonderla India,WONDERLA INDIA,Wonderla Weekend Family Passes,Entertainment
Naturals Ice Cream,KAMAT HOTELS NATURALS,Family Pack Tub,Food & Dining
Airbnb India,AIRBNB,Beachfront Homestay Gokarna,Vacation
CRED RentPay,CRED RENTPAY,CRED RentPay - Recurring Subscription,Rent & Housing
Zomato,ZOMATO Indore,Dessert & Ice Cream,Food & Dining
Zomato Delivery,ZOMATO DELIVERY,Lunch Thali,Food & Dining
Blinkit,BLINKIT (GROFERS),Late Night Munchies,Groceries
Shell Petrol Pump Fuel,SHELL INDIA FUEL,Shell V-Power Petrol Refill,Transportation
Apollo Pharmacy,APOLLO 247,Monthly Diabetes Medication,Healthcare
Barbeque Nation Delivery,BBQ NATION DELIVERY,Weekend Lunch Buffet,Food & Dining
Disney+ Hotstar Media,DISNEY+ HOTSTAR MEDIA,Hotstar Premium Annual Subscription,Entertainment
Subway Express,SUBWAY EXPRESS,Paneer Tikka Sub 6-inch,Food & Dining
General Miscellaneous UPI,PERSON TO PERSON UPI,Misc Goods Purchase,Miscellaneous
D-Mart Store,AVENUE SUPERMARTS STORE,Cooking Oil & Rice Pack,Groceries
Society Maintenance Pay,APARTMENT ASSN MAINTENANCE PAY,Society Maintenance Pay - Recurring Subscription,Rent & Housing
Beardo Care,ZED BLACK BEARDO CARE,Beard Oil & Growth Serum,Grooming
HPCL Fuel Fuel,HPCL FUEL,Engine Oil & Fuel,Transportation
PhysicsWallah Edu,PHYSICSWALLAH EDU,JEE Main Target Batch Course Fee,Education
Disney+ Hotstar Media,DISNEY+ HOTSTAR MEDIA,Disney+ Hotstar Media - Recurring Subscription,Entertainment
Oyo Rooms,OYO ROOMS,Budget Hotel Stay for 2 Nights,Vacation
BusinessOwner Corporate Payout,SALARY/TANVIVERMA,Monthly Salary Credit - August 2025,Miscellaneous
Cafe Coffee Day,CCD,Cafe Latte & Garlic Toast,Food & Dining
Bodycraft Salon,BODYCRAFT SALON & SPA,Skin De-tan & Haircare Package,Grooming
Swiggy Instamart Store,INSTAMART STORE,Daily Milk & Curd,Groceries
Croma Retail,INFINITI RETAIL CROMA RETAIL,Air Conditioner 1.5 Ton,Shopping
Airtel Broadband Bill,AIRTEL BROADBAND BILL,Airtel Broadband Bill - Recurring Subscription,Utilities
Licious Direct,LICIOUS MEAT DIRECT,Fresh Chicken Breast,Groceries
Domino's Pizza,DOMINOS,Cheese Burst Pizza,Food & Dining
ICICI Direct Investments,ICICI DIRECT INVESTMENTS,Corporate Bond Purchase,Investments
Udemy Edu,UDEMY ONLINE COURSES EDU,Python Data Science Masterclass Course,Education
H&M India Retail,H&M RETAIL,Cotton Basic Tops,Shopping
Paradise Biryani Outlet,PARADISE FOOD COURT OUTLET,Chicken Dum Biryani Pack,Food & Dining
Ola Cabs Fuel,ANI TECHNOLOGIES FUEL,Ola Prime SUV Family Ride,Transportation
Apple Music India,APPLE.COM/BILL INDIA,Apple Music India - Recurring Subscription,Entertainment
Wow! Momo Outlet,WOW MOMO EXPRESS OUTLET,Pan Fried Veg Momos,Food & Dining
Vijay Sales,VIJAY SALES,Microwave Oven,Shopping
SoftwareEngineer Corporate Payout,SALARY/NEHAPATEL,Monthly Salary Credit - August 2025,Miscellaneous
Croma Fashion,CROMA FASHION,OLED 4K Smart TV,Shopping
Adani Electricity Utility,ADANI ELECTRICITY UTILITY,Adani Electricity Utility - Recurring Subscription,Utilities
Local Kirana Store Store,CITY SUPERMART STORE,Sugar & Salt,Groceries
PharmEasy Care,PHARMEASY ONLINE CARE,Blood Pressure Monitor,Healthcare
SoftwareEngineer Corporate Payout,SALARY/DEVMEHTA,Monthly Salary Credit - December 2025,Miscellaneous
Jawed Habib Salon,JAWED HABIB HAIR & BEAUTY,Beard Trim & Hair Spa,Grooming
Ajio Digital,RELIANCE RETAIL AJIO DIGITAL,Winter Wear Jackets,Shopping
Urban Company Spa,URBAN CLAP SPA,Salon at Home - Haircut & Facial,Grooming
McDonald's Outlet,MCDONALDS Delhi NCR OUTLET,Happy Meal,Food & Dining
Westside Digital,TRENT LIMITED WESTSIDE DIGITAL,Formal Trousers & Blazers,Shopping
More Megastore Direct,MORE RETAIL DIRECT,Wheat Flour & Rice,Groceries
Netflix Media,NETFLIX MEDIA,Netflix Media - Recurring Subscription,Entertainment
Booking.com Stays,BOOKING.COM STAYS,Boutique Resort Stay Udaipr,Vacation
Apollo Pharmacy Care,APOLLO 247 CARE,Prescription Medicines & Vitamins,Healthcare
MakeMyTrip,MAKEMYTRIP,Manali Tour Package Booking,Vacation
BPCL Fuel,BPCL PETROL PUMP,Two-wheeler Fuel Topup,Transportation
Uber,UBER,Uber Premier Airport Drop,Transportation
Uber Pay,UBER PAY,Uber Auto Ride to Office,Transportation
Student Corporate Payout,SALARY/DIYARAO,Monthly Salary Credit - November 2025,Miscellaneous
Licious Mart,LICIOUS MART,Mutton Curry Cut,Groceries
Wow! Momo,WOW MOMO FOODS,Pan Fried Veg Momos,Food & Dining
MakeMyTrip,MMT INDIA,Goa Beach Resort 3 Nights Stay,Vacation
Naturals Salon Spa,NATURALS SALON SPA,Hair Coloring & Keratin Treatment,Grooming
Zara India Digital,ZARA DIGITAL,Designer Overcoat,Shopping
Nature's Basket,SPENCERS NATURES BASKET,Imported Gourmet Sauces,Groceries
PhysicsWallah Academy,PW LIVE ACADEMY,NEET Prep Study Material,Education
SoftwareEngineer Corporate Payout,SALARY/ISHANKAPOOR,Monthly Salary Credit - November 2025,Miscellaneous
Zepto,KIRANAKART,"Eggs, Milk & Butter",Groceries
Barbeque Nation Delivery,BBQ NATION DELIVERY,Corporate Buffet Outing,Food & Dining
Shell Petrol Pump Service,SHELL PETROL SERVICE,Shell V-Power Petrol Refill,Transportation
Jawed Habib Salon Salon,JAWED HABIB SALON,"Haircut, Wash & Styling",Grooming
Swiggy Outlet,SWIGGY FOODS OUTLET,Chicken Biryani & Coke,Food & Dining
Blue Tokai Delivery,BLUE TOKAI COFFEE ROASTERS DELIVERY,Flat White Coffee,Food & Dining
Jawed Habib Salon Care,JAWED HABIB CARE,"Haircut, Wash & Styling",Grooming
CRED RentPay Pay,CRED RENT PAY,House Rent Transfer via Credit Card,Rent & Housing
Blue Tokai Outlet,BLUE TOKAI OUTLET,Flat White Coffee,Food & Dining
JioFiber,RELIANCE JIO INFOCOMM,JioFiber Unlimited Internet Monthly Plan,Utilities
PVR Cinemas Media,PVR CINEMAS MEDIA,PVR Gold Class Movie Tickets,Entertainment
SoftwareEngineer Corporate Payout,SALARY/KAVYACHOWDHURY,Monthly Salary Credit - May 2025,Miscellaneous
Beardo Spa,ZED BLACK BEARDO SPA,Beard Oil & Growth Serum,Grooming
Netflix India,NETFLIX.COM INDIA,Netflix India - Recurring Subscription,Entertainment
Zomato Outlet,ZOMATO Bangalore OUTLET,Dinner Order,Food & Dining
BPCL Fuel,BHARAT PETROLEUM,Speed Petrol Refill,Transportation
Third Wave Coffee Express,THIRD WAVE COFFEE EXPRESS,Sea Salt Mocha,Food & Dining
Bodycraft Salon Care,BODYCRAFT SALON & SPA CARE,Skin De-tan & Haircare Package,Grooming
IndiGo,INDIGO,Flight Ticket - Blr to Del,Transportation
Zudio Retail,ZUDIO RETAIL,Winter Hoodie & Trackpants,Shopping
More Megastore,MORE SUPERMARKET,Wheat Flour & Rice,Groceries
HPCL Fuel,HINDUSTAN PETROLEUM,Engine Oil & Fuel,Transportation
Urban Company Care,URBANIC TECH CARE,Deep Tissue Full Body Massage,Grooming
General Miscellaneous UPI Direct,PERSON TO PERSON UPI DIRECT,Small Local Merchant Payment,Miscellaneous
Upstox Investments,UPSTOX INVESTMENTS,Stock Trading Margin Topup,Investments
Coursera,COURSERA INC,Coursera Plus Annual Subscription,Education
Udemy Edu,UDEMY ONLINE COURSES EDU,Fullstack Web Development Bootcamp,Education
Decathlon Digital,DECATHLON SPORTS INDIA DIGITAL,Trekking Backpack & Shoes,Shopping
Flipkart,FLIPKART INTERNET,Smart TV Purchase,Shopping
McDonald's Outlet,HARDCASTLE RESTAURANTS OUTLET,McVeggie Burger & Fries,Food & Dining
NPS Contribution Capital,NPS TRUST CAPITAL,Tier-1 NPS Retirement Contribution,Investments
Urban Company Salon,URBAN CLAP SALON,Pedicure & Manicure,Grooming
MakeMyTrip Travels,MAKEMYTRIP TRAVELS,Manali Tour Package Booking,Vacation
School Tuition Fee Edu,DELHI PUBLIC SCHOOL FEE EDU,Quarterly School Tuition & Transport Fee,Education
MakeMyTrip,MAKEMYTRIP,Roundtrip Flight & Hotel Combo,Vacation
Urban Company,URBAN CLAP,Deep Tissue Full Body Massage,Grooming
BPCL Fuel Pay,BPCL PAY,Two-wheeler Fuel Topup,Transportation
NoBroker Rent Pay Pay,NOBROKER RENT PAY,NoBroker Rental Agreement Fee,Rent & Housing
Wonderla,WONDERLA AMUSEMENT PARK,Wonderla Weekend Family Passes,Entertainment
Swiggy Delivery,SWIGGY*PAY DELIVERY,Veg Meals,Food & Dining
Groww Investments,NEXTBILLION TECHNOLOGY INVESTMENTS,Index Fund SIP Monthly Auto-debit,Investments
Empire Restaurant Outlet,HOTEL EMPIRE OUTLET,Ghee Rice & Kebab,Food & Dining
CRED RentPay Online,CRED RENT ONLINE,Flat Rent Pay via CRED,Rent & Housing
Scaler Academy,INTERVIEWBIT,Scaler Academy - Recurring Subscription,Education
Goibibo Travels,GOIBIBO TRAVELS,Outstation Cab & Homestay,Vacation
Pizza Hut,DEVYANI INT PIZZA,Pasta & Garlic Bread,Food & Dining
Empire Restaurant,HOTEL EMPIRE,Coin Parotta & Grill Chicken,Food & Dining
Domino's Pizza Outlet,DOMINOS PIZZA OUTLET,Choco Lava Cake,Food & Dining
Reliance Fresh,RELIANCE SMART,Dry Fruits & Nuts,Groceries
Zomato Delivery,Zomato Ltd DELIVERY,Burger Meal,Food & Dining
PharmEasy Healthcare,API HOLDINGS HEALTHCARE,Blood Pressure Monitor,Healthcare
Urban Company Care,URBANIC TECH CARE,Salon at Home - Haircut & Facial,Grooming
D-Mart Store,DMART STORE,Monthly Staples & Provisions,Groceries
Barbeque Nation Outlet,BBQ NATION OUTLET,Corporate Buffet Outing,Food & Dining
Cult.fit Gym Healthcare,CUREFIT HEALTHCARE HEALTHCARE,Cult.fit Gym Healthcare - Recurring Subscription,Healthcare
Starbucks Outlet,TATA STARBUCKS OUTLET,Cold Brew,Food & Dining
Urban Company,URBAN COMPANY,Salon at Home - Haircut & Facial,Grooming
Reliance Fresh,RELIANCE RETAIL,Household Cleaners,Groceries
Investor Corporate Payout,SALARY/TANVIGUPTA,Monthly Salary Credit - January 2025,Miscellaneous
HP Gas Bill,HINDUSTAN PETROLEUM LPG BILL,LPG Cooking Gas Cylinder Refill,Utilities
Adani Electricity Bill,ADANI POWER MUMBAI BILL,Monthly Power Utility Payment,Utilities
HP Gas Bill,HP GAS BILL,HP Gas Bill - Recurring Subscription,Utilities
Reliance Fresh Mart,RELIANCE SMART MART,Fresh Packaged Spices,Groceries
Domino's Pizza Outlet,DOMINOS PIZZA OUTLET,Party Combo,Food & Dining
Kama Ayurveda Spa,KAMA AYURVEDA SPA,Kumkumadi Miraculous Night Serum,Grooming
Country Delight,COUNTRY DELIGHT,Country Delight - Recurring Subscription,Groceries
Subway Express,SUBWAY INDIA EXPRESS,Sub of the Day,Food & Dining
Delhi Metro,DMRC,Metro Smart Card Recharge,Transportation
Air India,TATA AIR INDIA,Economy Class Domestic Flight,Transportation
IRCTC Fuel,IRCTC FUEL,Sleeper Class Ticket,Transportation
Zara India Retail,ZARA RETAIL,Slim Fit Denim Jeans,Shopping
Swiggy,SWIGGY*PAY,Chicken Biryani & Coke,Food & Dining
Unacademy Edu,UNACADEMY EDU,CAT Exam Preparation Plus Subscription,Education
Zomato Express,ZOMATO*ORDER EXPRESS,Dessert & Ice Cream,Food & Dining
Airbnb India,AIRBNB,Private Villa Booking in Lonavala,Vacation
SonyLIV Digital,SONYLIV DIGITAL,Sports & Live Match Pass,Entertainment
India Post,INDIA POST,Registered Speed Post Parcel Charges,Miscellaneous
Naturals Salon Spa,NATURALS BEAUTY CARE SPA,Facial & Threading,Grooming
FASTag Recharge Service,NETC FASTAG SERVICE,FASTag Recharge Service - Recurring Subscription,Transportation
Burger King Outlet,BURGER KING INDIA OUTLET,Whopper Combo,Food & Dining
Decathlon,DECATHLON SPORTS INDIA,Trekking Backpack & Shoes,Shopping
Reliance Fresh Direct,RELIANCE FRESH DIRECT,Fresh Packaged Spices,Groceries
Flipkart Store,FKMP PAY STORE,Running Shoes & Sports Wear,Shopping
Swiggy Instamart Direct,INSTAMART DIRECT,Daily Milk & Curd,Groceries
BookMyShow Media,BOOKMYSHOW MEDIA,Standup Comedy Show Tickets,Entertainment
Bodycraft Salon,BODYCRAFT,Aromatherapy Massage,Grooming
Social Express,SOCIAL EXPRESS,Craft Beer & Nachos,Food & Dining
Spotify Media,SPOTIFY AB MEDIA,Spotify Premium Individual Plan,Entertainment
PharmEasy Healthcare,PHARMEASY HEALTHCARE,Health Supplements & Protein,Healthcare
Apple Store,APPLE STORE,iPhone 15 Pro Purchase,Shopping
Subway Delivery,SUBWAY DELIVERY,Roasted Chicken Sub,Food & Dining
Burger King Express,BK DELIVERY EXPRESS,Fiery Chicken Wings,Food & Dining
Blue Tokai Delivery,BLUE TOKAI COFFEE ROASTERS DELIVERY,Single Origin Pour-over,Food & Dining
Local Kirana Store,UPAHAR PROVISIONS,Packet Milk & Biscuits,Groceries
Starbucks Outlet,STARBUCKS COFFEE OUTLET,Cappuccino & Muffin,Food & Dining
Wow! Momo,WOW MOMO FOODS,Steamed Chicken Momos,Food & Dining
More Megastore Store,MORE RETAIL STORE,Wheat Flour & Rice,Groceries
Subway Outlet,SUBWAY OUTLET,Sub Meal & Cookie,Food & Dining
SonyLIV,CULVER MAX ENTERTAINMENT,SonyLIV Premium Annual Subscription,Entertainment
Bikanervala Outlet,BIKANERVALA SWEETS OUTLET,Kaju Katli Box,Food & Dining
Cult.fit Gym Medical,CULT FIT MEDICAL,Cult.fit Gym Medical - Recurring Subscription,Healthcare
Airbnb India Holidays,AIRBNB PAYMENTS HOLIDAYS,Private Villa Booking in Lonavala,Vacation
Zerodha Investments,ZERODHA BROKING INVESTMENTS,Sovereign Gold Bond Purchase,Investments
HPCL Fuel,HP PETROL PUMP,Petrol Tank Full,Transportation
IOCL Fuel,INDIANOIL CORP,Diesel Tank Refill,Transportation
Vijay Sales Store,VIJAY SALES STORE,Microwave Oven,Shopping
SpiceJet Service,SPICEJET SERVICE,Flight Ticket Booking,Transportation
Airtel Broadband,AIRTEL XSTREAM,Fiber Optic Broadband Monthly Bill 200Mbps,Utilities
PhysicsWallah Learning,PHYSICSWALLAH LEARNING,JEE Main Target Batch Course Fee,Education
Disney+ Hotstar Media,HOTSTAR MEDIA,Disney+ Hotstar Super Plan,Entertainment
Urban Company Care,URBANIC TECH CARE,Pedicure & Manicure,Grooming
Reliance Fresh Mart,RELIANCE RETAIL MART,Monthly Pantry Groceries,Groceries
Oyo Rooms Travels,OYO TRAVELS,Business Trip Overnight Stay,Vacation
Landlord Direct Rent,RENT PAYMENT,Landlord Direct Rent - Recurring Subscription,Rent & Housing
Swiggy Instamart Direct,SWIGGY INSTAMART DIRECT,Biscuits & Beverages,Groceries
Flipkart Digital,FLIPKART INTERNET DIGITAL,Kitchen Mixer Grinder,Shopping
Naturals Salon Care,NATURALS BEAUTY CARE CARE,Hair Coloring & Keratin Treatment,Grooming
Croma Fashion,CROMA FASHION,Air Conditioner 1.5 Ton,Shopping
Indane LPG Gas Utility,INDANE GAS UTILITY,14.2kg Domestic LPG Cylinder Booking,Utilities
Paradise Biryani Express,PARADISE FOOD COURT EXPRESS,Chicken Dum Biryani Pack,Food & Dining
Apple Store Digital,APPLE STORE DIGITAL,iPhone 15 Pro Purchase,Shopping
Society Maintenance,APARTMENT ASSN MAINTENANCE,Society Maintenance - Recurring Subscription,Rent & Housing
Zomato Express,Zomato Gold EXPRESS,Lunch Thali,Food & Dining
Burger King Delivery,BK DELIVERY DELIVERY,Fiery Chicken Wings,Food & Dining
MakeMyTrip Holidays,MMT INDIA HOLIDAYS,Manali Tour Package Booking,Vacation
Bodycraft Salon Spa,BODYCRAFT SPA,Skin De-tan & Haircare Package,Grooming
Airtel Broadband,AIRTEL BROADBAND,Airtel Broadband - Recurring Subscription,Utilities
Zara India Digital,ZARA DIGITAL,Slim Fit Denim Jeans,Shopping
FreshToHome Store,FRESHTOHOME STORE,Antibiotic-free Chicken,Groceries
Blinkit Store,HANDS ON TRADES STORE,Late Night Munchies,Groceries
Landlord Direct Rent Online,HOUSE RENT UPI ONLINE,Landlord Direct Rent Online - Recurring Subscription,Rent & Housing
Nykaa,NYKAA,Perfume & Fragrance,Shopping
Adani Electricity,ADANI ELECTRICITY,Monthly Power Utility Payment,Utilities
WorkingProfessional Corporate Payout,SALARY/NEHANAIR,Monthly Salary Credit - August 2025,Miscellaneous
MakeMyTrip Stays,MMT INDIA STAYS,Manali Tour Package Booking,Vacation
NPS Contribution Capital,CRA NSDL NPS CAPITAL,NPS Contribution Capital - Recurring Subscription,Investments
PhysicsWallah Academy,PW LIVE ACADEMY,NEET Prep Study Material,Education
Domino's Pizza Delivery,JUBILANT FOODWORKS DELIVERY,Farmhouse Pizza & Garlic Bread,Food & Dining
Prime Video Media,PRIME VIDEO MEDIA,Prime Monthly Video Plan,Entertainment
BESCOM Electricity Bill,BESCOM BILL,Monthly Electricity Consumption Bill,Utilities
Vi Postpaid Utility,VI POSTPAID UTILITY,Vi Postpaid Utility - Recurring Subscription,Utilities
Pet Care Clinic,PET CARE CLINIC,Pet Vaccination & Routine Health Checkup,Miscellaneous
Paradise Biryani,PARADISE FOOD COURT,Mirchi Ka Salan Combo,Food & Dining
Zudio Fashion,ZUDIO FASHION,Winter Hoodie & Trackpants,Shopping
BigBasket Mart,BB INSTANT MART,Personal Care & Household,Groceries
Chaayos Express,CHAAYOS EXPRESS,Adrak Elaichi Tea,Food & Dining
Bikanervala Outlet,BIKANERVALA SWEETS OUTLET,Special Thali,Food & Dining
Taj Hotels Stays,INDIAN HOTELS CO LTD STAYS,Taj Lake Palace Luxury Suite Weekend Stay,Vacation
Haldiram's Express,HALDIRAMS SWEETS EXPRESS,Thali Meal,Food & Dining
Reliance Fresh,RELIANCE SMART,Monthly Pantry Groceries,Groceries
IRCTC Pay,IRCTC TRAIN TICKETING PAY,Sleeper Class Ticket,Transportation
YouTube Premium India,YOUTUBE PREMIUM INDIA,YouTube Family Subscription,Entertainment
SoftwareEngineer Corporate Payout,SALARY/RAHULDESHMUKH,Monthly Salary Credit - January 2025,Miscellaneous
Starbucks,STARBUCKS INDIA,Cold Brew,Food & Dining
Kama Ayurveda,KAMA AYURVEDA RETAIL,Bringadi Hair Oil & Ayurvedic Soap,Grooming
Starbucks Delivery,STARBUCKS COFFEE DELIVERY,Cold Brew,Food & Dining
Unacademy Learning,UNACADEMY LEARNING,Unacademy Learning - Recurring Subscription,Education
Netflix Digital,NETFLIX INDIA DIGITAL,Netflix Premium 4K Plan,Entertainment
BusinessOwner Corporate Payout,SALARY/ISHANSHARMA,Monthly Salary Credit - February 2025,Miscellaneous
Bodycraft Salon Salon,BODYCRAFT SALON,Skin De-tan & Haircare Package,Grooming
FreshToHome,FRESHTOHOME FOODS,Fresh Sea Fish,Groceries
Booking.com Travels,BOOKING.COM INDIA TRAVELS,Boutique Resort Stay Udaipr,Vacation
Urban Company,URBAN CLAP,Pedicure & Manicure,Grooming
Cult.fit Gym Healthcare,CULTPASS HEALTHCARE,Cult Live Workout Subscription,Healthcare
Coursera Academy,COURSERA INC ACADEMY,Deep Learning Specialization Certificate Fee,Education
Groww,GROWW SIP,Groww - Recurring Subscription,Investments
Zara India Store,ZARA STORE,Designer Overcoat,Shopping
Third Wave Coffee,CUSTOMIZED COFFEE PVT,Sea Salt Mocha,Food & Dining
Westside Store,TRENT LIMITED WESTSIDE STORE,Western Dresses,Shopping
Unacademy Edu,SORTING HAT TECHNOLOGIES EDU,UPSC Coaching Subscription,Education
Zara India,ZARA,Leather Handbag,Shopping
Groww Capital,GROWW SIP CAPITAL,Groww Capital - Recurring Subscription,Investments
Disney+ Hotstar,NOVI DIGITAL,Disney+ Hotstar Super Plan,Entertainment
Reliance Fresh Mart,RELIANCE SMART MART,Household Cleaners,Groceries
Barbeque Nation Express,BARBEQUE NATION LTD EXPRESS,Buffet Dinner for 2,Food & Dining
Chai Point Delivery,CHAI POINT EXPRESS DELIVERY,Filter Coffee & Bun Maska,Food & Dining
Groww Capital,NEXTBILLION TECHNOLOGY CAPITAL,Direct Equity Investment,Investments
Pizza Hut Express,PIZZA HUT ONLINE EXPRESS,Personal Pan Pizza,Food & Dining
Coursera Learning,COURSERA LEARNING,Coursera Learning - Recurring Subscription,Education
Family Corporate Payout,SALARY/SIDDHARTHJOSHI,Monthly Salary Credit - February 2025,Miscellaneous
Blinkit,HANDS ON TRADES,Daily Milk & Bread,Groceries
Myntra Retail,MYNTRA RETAIL,Festive Kurta Set,Shopping
Landlord Direct Rent Pay,LANDLORD RENT TRANSFER PAY,Monthly Apartment Rent Transfer,Rent & Housing
Empire Restaurant Express,EMPIRE RESTAURANT Jaipur EXPRESS,Empire Special Chicken Dosa,Food & Dining
YouTube Premium,GOOGLE YOUTUBE,YouTube Premium Individual Plan,Entertainment
Empire Restaurant Delivery,EMPIRE RESTAURANT Ahmedabad DELIVERY,Coin Parotta & Grill Chicken,Food & Dining
Groww Capital,NEXTBILLION TECHNOLOGY CAPITAL,Direct Equity Investment,Investments
Apple Store Retail,UNICORN APPLE RETAIL,Apple Watch Series 9,Shopping
Bodycraft Salon Care,BODYCRAFT SALON & SPA CARE,Skin De-tan & Haircare Package,Grooming
Paytm Money,PAYTM MONEY,Nifty 50 Mutual Fund SIP,Investments
Reliance Fresh Store,RELIANCE RETAIL STORE,Fresh Packaged Spices,Groceries
Taco Bell Outlet,TACO BELL OUTLET,Burrito Meal Box,Food & Dining
Air India Pay,AIR INDIA PAY,Economy Class Domestic Flight,Transportation
Reliance Fresh Store,RELIANCE FRESH STORE,Monthly Pantry Groceries,Groceries
Groww Investments,NEXTBILLION TECHNOLOGY INVESTMENTS,Direct Equity Investment,Investments
School Tuition Fee,RYAN INTL SCHOOL,School Tuition Fee - Recurring Subscription,Education
D-Mart Direct,AVENUE SUPERMARTS DIRECT,Monthly Staples & Provisions,Groceries
Starbucks Delivery,STARBUCKS COFFEE DELIVERY,Cappuccino & Muffin,Food & Dining
Empire Restaurant Outlet,HOTEL EMPIRE OUTLET,Empire Special Chicken Dosa,Food & Dining
IndiGo Fuel,INDIGO FUEL,Return Flight Booking,Transportation
Swiggy Express,Swiggy Kochi EXPRESS,Butter Chicken Meal,Food & Dining
KFC Delivery,KFC DELIVERY,Popcorn Chicken,Food & Dining
BigBasket,BB DAILY,Dairy Products,Groceries
Haldiram's Outlet,HALDIRAMS OUTLET,Raj Kachori & Chole Bhature,Food & Dining
JioFiber Bill,JIO BROADBAND BILL,JioFiber Unlimited Internet Monthly Plan,Utilities
Empire Restaurant Outlet,EMPIRE RESTAURANT Hyderabad OUTLET,Coin Parotta & Grill Chicken,Food & Dining
Apple Store,APPLE STORE,Apple Watch Series 9,Shopping
Naturals Ice Cream Delivery,KAMAT HOTELS NATURALS DELIVERY,Sitaphal & Mango Scoops,Food & Dining
Baskin Robbins Delivery,GRAVISS FOODS DELIVERY,Two Scoop Waffle Cone,Food & Dining
Empire Restaurant Express,HOTEL EMPIRE EXPRESS,Coin Parotta & Grill Chicken,Food & Dining
Empire Restaurant,EMPIRE RESTAURANT Bangalore,Empire Special Chicken Dosa,Food & Dining
Tata Play DTH Utility,TATA SKY DTH UTILITY,DTH Monthly HD Pack Recharge,Utilities
Udemy Learning,UDEMY ONLINE COURSES LEARNING,Fullstack Web Development Bootcamp,Education
Air India Fuel,AIR INDIA FUEL,Economy Class Domestic Flight,Transportation
Burger King Outlet,BK DELIVERY OUTLET,Crispy Chicken Meal,Food & Dining
Retired Corporate Payout,SALARY/MANISHBHAT,Monthly Salary Credit - June 2025,Miscellaneous
FASTag Recharge Pay,NHAI FASTAG RECHARGE PAY,FASTag Auto Recharge,Transportation
Goibibo,GOIBIBO,Outstation Cab & Homestay,Vacation
Cafe Coffee Day,COFFEE DAY GLOBAL,Tropical Ice Tea,Food & Dining
BusinessOwner Corporate Payout,SALARY/ISHANSHARMA,Monthly Salary Credit - January 2025,Miscellaneous
Scaler Academy Edu,SCALER EDU,Scaler Academy Edu - Recurring Subscription,Education
Chai Point Delivery,MOUNTAIN TRAIL FOODS DELIVERY,Ginger Chai & Samosa,Food & Dining
Taj Hotels,TAJ RESORTS,Fine Dining & Spa,Vacation
Nykaa Fashion,NYKAA BEAUTY FASHION,Makeup Products & Foundation,Shopping
Barbeque Nation,BARBEQUE NATION,Corporate Buffet Outing,Food & Dining
Reliance Fresh,RELIANCE SMART,Fresh Packaged Spices,Groceries
NoBroker Rent Pay Online,NOBROKER TECHNOLOGIES ONLINE,Monthly Flat Rent Payment,Rent & Housing
Indane LPG Gas Utility,INDANE GAS UTILITY,Indane LPG Gas Utility - Recurring Subscription,Utilities
Tata 1mg Medical,TATA 1MG MEDICAL,Diagnostic Blood Test Booking,Healthcare
Country Delight Mart,ORGANICS COUNTRY DELIGHT MART,Country Delight Mart - Recurring Subscription,Groceries
CRED RentPay Pay,CRED RENT PAY,House Rent Transfer via Credit Card,Rent & Housing
MakeMyTrip Stays,MAKEMYTRIP INDIA STAYS,Roundtrip Flight & Hotel Combo,Vacation
More Megastore Direct,MORE SUPERMARKET DIRECT,Toiletries & Detergent,Groceries
Apple Store,IMAGINE APPLE PREMIUM,MacBook Air M2 Laptop,Shopping
Indane LPG Gas Bill,INDIAN OIL LPG BILL,Indane LPG Gas Bill - Recurring Subscription,Utilities
Rapido,RAPIDO BIKE,Rapido Auto Ride,Transportation
MakeMyTrip,MAKEMYTRIP,Manali Tour Package Booking,Vacation
BookMyShow India,BIGTREE ENTERTAINMENT INDIA,Concert Event Passes,Entertainment
Paytm Money Investments,PAYTM MONEY INVESTMENTS,Nifty 50 Mutual Fund SIP,Investments
Chaayos,CHAAYOS CAFE,Adrak Elaichi Tea,Food & Dining
PhysicsWallah Edu,PW LIVE EDU,NEET Prep Study Material,Education
Tata Power Utility,TATA POWER DELHI UTILITY,Tata Power Utility - Recurring Subscription,Utilities
Pizza Hut Outlet,DEVYANI INT PIZZA OUTLET,Tandoori Paneer Pizza,Food & Dining
Reliance Fresh Mart,RELIANCE RETAIL MART,Dry Fruits & Nuts,Groceries
Disney+ Hotstar,HOTSTAR,Disney+ Hotstar - Recurring Subscription,Entertainment
Airbnb India Holidays,AIRBNB PAYMENTS HOLIDAYS,Beachfront Homestay Gokarna,Vacation
Paradise Biryani Outlet,PARADISE BIRYANI OUTLET,Hyderabadi Mutton Biryani,Food & Dining
Domino's Pizza,DOMINOS,Farmhouse Pizza & Garlic Bread,Food & Dining
BigBasket Direct,BB DAILY DIRECT,Weekly Organic Vegetables,Groceries
BESCOM Electricity Bill,BANGALORE ELECTRICITY BILL,BESCOM Electricity Bill - Recurring Subscription,Utilities
Decathlon Store,DECATHLON STORE,Mountain Biking Bicycle,Shopping
BookMyShow,BMS TICKETS,Movie Tickets for 2 - IMAX 3D,Entertainment
Apple Store Fashion,UNICORN APPLE FASHION,Apple Watch Series 9,Shopping
Tata Play DTH,TATA PLAY,Tata Play DTH - Recurring Subscription,Utilities
Practo Medical,PRACTO CONSULTATION MEDICAL,Online Doctor Video Consultation,Healthcare
Lenskart Medical,LENSKART SOLUTIONS MEDICAL,Ray-Ban Sunglasses,Healthcare
BookMyShow,BIGTREE ENTERTAINMENT,Concert Event Passes,Entertainment
Delhi Metro,DMRC,Metro Card Auto-Topup,Transportation
Zomato Outlet,ZOMATO*ORDER OUTLET,Dessert & Ice Cream,Food & Dining
Unacademy Academy,UNACADEMY ACADEMY,Unacademy Academy - Recurring Subscription,Education
Scaler Academy Edu,SCALER ACADEMY EDU,Software Engineering Track Installment,Education
Chaayos,CHAAYOS CAFE,Desi Chai & Maska Bun,Food & Dining
Practo Care,PRACTO CARE,Online Doctor Video Consultation,Healthcare
PharmEasy,PHARMEASY,Blood Pressure Monitor,Healthcare
MSEDCL Power Bill,MAHARASHTRA ELECTRICITY BILL,Power & Electricity Monthly Charges,Utilities
Chai Point Express,CHAI POINT EXPRESS,Filter Coffee & Bun Maska,Food & Dining
Namma Metro Pay,BANGALORE METRO PAY,Namma Metro Card Recharge,Transportation
Social Outlet,INDIRANAGAR SOCIAL OUTLET,Cocktails & Bar Bites,Food & Dining
Blue Tokai Express,BLUE TOKAI COFFEE ROASTERS EXPRESS,Croissant & Cold Brew,Food & Dining
Dr Lal PathLabs Medical,LAL PATHLABS DIAGNOSTICS MEDICAL,Thyroid Profile Test,Healthcare
Cafe Coffee Day Delivery,CCD DELIVERY,Cappuccino,Food & Dining
Tata Play DTH Utility,TATA PLAY UTILITY,Tata Play DTH Utility - Recurring Subscription,Utilities
Nature's Basket Store,NATURES BASKET STORE,Artisanal Bread & Organic Honey,Groceries
Naturals Ice Cream Outlet,KAMAT HOTELS NATURALS OUTLET,Family Pack Tub,Food & Dining
Netflix,NETFLIX INDIA,Netflix Premium 4K Plan,Entertainment
Vi Postpaid Bill,VI POSTPAID BILL,Mobile Postpaid Monthly Bill,Utilities
Taco Bell Express,TACO BELL EXPRESS,Naked Chicken Taco,Food & Dining
Cafe Coffee Day Outlet,COFFEE DAY GLOBAL OUTLET,Cappuccino,Food & Dining
Investor Corporate Payout,SALARY/RAHULKAPOOR,Monthly Salary Credit - November 2025,Miscellaneous
Ola Cabs Service,OLA AUTO SERVICE,Ola Prime SUV Family Ride,Transportation
Third Wave Coffee Delivery,THIRD WAVE COFFEE DELIVERY,Avocado Toast & Latte,Food & Dining
Taco Bell Delivery,BURMAN HOSPITALITY TACO DELIVERY,Naked Chicken Taco,Food & Dining
Booking.com Holidays,BOOKING.COM HOLIDAYS,Boutique Resort Stay Udaipr,Vacation
Blinkit Store,HANDS ON TRADES STORE,Daily Milk & Bread,Groceries
Paytm Money,PAYTM MONEY,ELSS Tax Saver Fund SIP,Investments
Disney+ Hotstar India,HOTSTAR INDIA,Disney+ Hotstar India - Recurring Subscription,Entertainment
Subway Delivery,SUBWAY DELIVERY,Sub Meal & Cookie,Food & Dining
Starbucks,STARBUCKS INDIA,Cappuccino & Muffin,Food & Dining
Nykaa Digital,NYKAA BEAUTY DIGITAL,Perfume & Fragrance,Shopping
SonyLIV India,CULVER MAX ENTERTAINMENT INDIA,Sports & Live Match Pass,Entertainment
Uber Fuel,UBER FUEL,Uber Premier Airport Drop,Transportation
Apollo Pharmacy Medical,APOLLO PHARMACY MEDICAL,First Aid & Skincare Items,Healthcare
Bikanervala,BIKANERVALA FOODS,Kaju Katli Box,Food & Dining
Society Maintenance Pay,SOCIETY MAINTENANCE PAY,Monthly Society Maintenance & Water Charges,Rent & Housing
Ola Cabs,OLA,Ola Mini Ride to Mall,Transportation
Dr Lal PathLabs Care,DR LAL PATHLABS CARE,Thyroid Profile Test,Healthcare
Third Wave Coffee Express,CUSTOMIZED COFFEE PVT EXPRESS,Vietnamese Iced Coffee,Food & Dining
H&M India Store,H&M RETAIL INDIA STORE,Cotton Basic Tops,Shopping
Cafe Coffee Day Outlet,CAFE COFFEE DAY OUTLET,Cafe Latte & Garlic Toast,Food & Dining
Naturals Salon Salon,NATURALS BEAUTY CARE SALON,Hair Coloring & Keratin Treatment,Grooming
Lenskart,LENSKART SOLUTIONS,Ray-Ban Sunglasses,Healthcare
SoftwareEngineer Corporate Payout,SALARY/ARJUNVERMA,Monthly Salary Credit - April 2025,Miscellaneous
Oyo Rooms Stays,OYO ROOMS STAYS,Business Trip Overnight Stay,Vacation
Booking.com Travels,BOOKING.COM TRAVELS,Luxury Heritage Hotel Stay Jaipur,Vacation
PPF Deposit Investments,SBI PPF ACCOUNT INVESTMENTS,PPF Deposit Investments - Recurring Subscription,Investments
IRCTC Service,IRCTC E-TICKETING SERVICE,3AC Train Ticket Booking,Transportation
Apple Music Digital,APPLE.COM/BILL DIGITAL,Apple Music Digital - Recurring Subscription,Entertainment
Amazon India Retail,AMAZON PAY INDIA RETAIL,Wireless Bluetooth Earbuds,Shopping
Wow! Momo Delivery,WOW MOMO EXPRESS DELIVERY,Pan Fried Veg Momos,Food & Dining
KFC Outlet,KFC INDIA OUTLET,Zinger Burger Meal,Food & Dining
Disney+ Hotstar,NOVI DIGITAL,Hotstar Premium Annual Subscription,Entertainment
Starbucks Express,STARBUCKS COFFEE EXPRESS,Java Chip Frappuccino,Food & Dining
Zerodha,ZERODHA COIN,Sovereign Gold Bond Purchase,Investments
Swiggy Instamart Store,INSTAMART STORE,Snack Pantry Refill,Groceries
Mainland China Delivery,MAINLAND CHINA DELIVERY,Chinese Buffet,Food & Dining
JioFiber Utility,JIO BROADBAND UTILITY,JioFiber Utility - Recurring Subscription,Utilities
Barbeque Nation Outlet,BARBEQUE NATION OUTLET,Weekend Lunch Buffet,Food & Dining
Barbeque Nation,BARBEQUE NATION LTD,Buffet Dinner for 2,Food & Dining
Housing.com Rent Pay,LOCON SOLUTIONS PAY,House Rent Payment via Housing Pay,Rent & Housing
Booking.com Holidays,BOOKING.COM HOLIDAYS,Luxury Heritage Hotel Stay Jaipur,Vacation
Amazon India Digital,AMZN PAY DIGITAL,Kindle Paperwhite,Shopping
Ola Cabs Pay,OLA PAY,Ola Auto Ride,Transportation
School Tuition Fee Learning,SCHOOL FEE LEARNING,School Tuition Fee Learning - Recurring Subscription,Education
Airtel Broadband Bill,AIRTEL BROADBAND BILL,Fiber Optic Broadband Monthly Bill 200Mbps,Utilities
Burger King,BK DELIVERY,Fiery Chicken Wings,Food & Dining
Coursera,COURSERA INC,Deep Learning Specialization Certificate Fee,Education
Mainland China,MAINLAND CHINA,Hakka Noodles & Manchurian,Food & Dining
Booking.com Stays,BOOKING.COM INDIA STAYS,Luxury Heritage Hotel Stay Jaipur,Vacation
BigBasket,BIGBASKET,"Atta, Dal & Sugar Basket",Groceries
Tata Power Utility,TATA POWER DELHI UTILITY,Tata Power Utility - Recurring Subscription,Utilities
YouTube Premium Media,YOUTUBE PREMIUM MEDIA,YouTube Premium Individual Plan,Entertainment
Shell Petrol Pump,SHELL,Shell Lubricant & Fuel,Transportation
Tata Power,TATA POWER,Tata Power - Recurring Subscription,Utilities
Coursera,COURSERA,Coursera - Recurring Subscription,Education
Housing.com Rent Online,LOCON SOLUTIONS ONLINE,House Rent Payment via Housing Pay,Rent & Housing
Vi Postpaid Utility,VI POSTPAID UTILITY,Vi Postpaid Utility - Recurring Subscription,Utilities
Amazon India Digital,AMAZON SELLER SERVICES DIGITAL,Wireless Bluetooth Earbuds,Shopping
Airbnb India Stays,AIRBNB PAYMENTS STAYS,Beachfront Homestay Gokarna,Vacation
Scaler Academy,SCALER ACADEMY,Software Engineering Track Installment,Education
Bikanervala,BIKANERVALA SWEETS,Special Thali,Food & Dining
Country Delight Direct,COUNTRY DELIGHT DIRECT,Pure Desi Ghee,Groceries
PPF Deposit Investments,SBI PPF ACCOUNT INVESTMENTS,PPF Deposit Investments - Recurring Subscription,Investments
Uber Fuel,UBER AUTO FUEL,Uber Go Intercity,Transportation
Cafe Coffee Day Outlet,CCD OUTLET,Tropical Ice Tea,Food & Dining
Ola Cabs Pay,OLA PAY,Ola Mini Ride to Mall,Transportation
Goibibo Stays,IBIBO GROUP STAYS,Weekend Hotel Booking in Coorg,Vacation
Swiggy Delivery,SWIGGY DELIVERY,Late Night Snacks,Food & Dining
Chai Point,MOUNTAIN TRAIL FOODS,Ice Chai & Sandwich,Food & Dining
Cult.fit Gym,CUREFIT HEALTHCARE,Cult.fit Gym - Recurring Subscription,Healthcare
Croma Digital,INFINITI RETAIL CROMA DIGITAL,Air Conditioner 1.5 Ton,Shopping
Coursera Learning,COURSERA INC LEARNING,Coursera Plus Annual Subscription,Education
Kama Ayurveda Care,KAMA AYURVEDA RETAIL CARE,Kumkumadi Miraculous Night Serum,Grooming
JioFiber,JIOFIBER,JioFiber - Recurring Subscription,Utilities
ICICI Direct Capital,ICICI SECURITIES CAPITAL,Corporate Bond Purchase,Investments
Crossword Bookstore Learning,CROSSWORD BOOKSTORES LEARNING,Notebooks & Premium Stationery,Education
Baskin Robbins Express,BASKIN ROBBINS EXPRESS,Mississippi Mud Sundae,Food & Dining
Ajio,AJIO,Ethnawear Kurtis,Shopping
Zepto Direct,KIRANAKART DIRECT,"Eggs, Milk & Butter",Groceries
Pizza Hut Delivery,DEVYANI INT PIZZA DELIVERY,Pasta & Garlic Bread,Food & Dining
Family Corporate Payout,SALARY/RIYAMEHTA,Monthly Salary Credit - September 2025,Miscellaneous
Amazon India Fashion,AMZN PAY FASHION,Home Decor Items,Shopping
Student Corporate Payout,SALARY/ADITIPATEL,Monthly Salary Credit - February 2025,Miscellaneous
Retired Corporate Payout,SALARY/YASHDESHMUKH,Monthly Salary Credit - October 2025,Miscellaneous
Goibibo Stays,IBIBO GROUP STAYS,Outstation Cab & Homestay,Vacation
Dr Lal PathLabs,LAL PATHLABS DIAGNOSTICS,Full Body Health Checkup Package,Healthcare
H&M India Store,H&M RETAIL INDIA STORE,Oversized Hoodie,Shopping
Paytm Money,PAYTM MONEY,ELSS Tax Saver Fund SIP,Investments
BlueDart Services,BLUEDART SERVICES,Urgent Air Courier Delivery Fee,Miscellaneous
Croma Store,CROMA STORE,Washing Machine Front Load,Shopping
Rapido Pay,RAPIDO PAY,Rapido Auto Ride,Transportation
Kama Ayurveda Care,KAMA AYURVEDA RETAIL CARE,Bringadi Hair Oil & Ayurvedic Soap,Grooming
Retired Corporate Payout,SALARY/SIDDHARTHBHAT,Monthly Salary Credit - December 2025,Miscellaneous
IndiGo Service,INDIGO SERVICE,Indigo Flight Seat Selection & Meal,Transportation
Country Delight Mart,ORGANICS COUNTRY DELIGHT MART,Cow Milk Monthly Subscription,Groceries
Licious Store,LICIOUS STORE,Atlantic Salmon Fillet,Groceries
Coursera Edu,COURSERA EDU,Deep Learning Specialization Certificate Fee,Education
Tata Power Bill,TATA POWER BILL,Tata Power Bill - Recurring Subscription,Utilities
Netflix India,NETFLIX.COM INDIA,Netflix Premium 4K Plan,Entertainment
Decathlon Retail,DECATHLON RETAIL,Mountain Biking Bicycle,Shopping
Local Kirana Store Direct,KIRANA STORE DIRECT,Packet Milk & Biscuits,Groceries
Adani Electricity,ADANI ELECTRICITY,Monthly Power Utility Payment,Utilities
Westside Store,WESTSIDE STORE,Formal Trousers & Blazers,Shopping
Pet Care Clinic,VET HOSPITALS,Dog Food & Toys,Miscellaneous
Rapido Fuel,ROPPEN TRANSPORTATION FUEL,Rapido Auto Ride,Transportation
IOCL Fuel Service,IOCL SERVICE,XtraPremium Petrol Refill,Transportation
Apple Music Media,APPLE.COM/BILL MEDIA,Apple Music Monthly Student/Individual Plan,Entertainment
Pet Care Clinic Direct,PET CARE CLINIC DIRECT,Dog Food & Toys,Miscellaneous
HP Gas Utility,HP GAS UTILITY,LPG Cooking Gas Cylinder Refill,Utilities
Adani Electricity,ADANI POWER MUMBAI,Adani Electricity - Recurring Subscription,Utilities
Adani Electricity Utility,ADANI ELECTRICITY UTILITY,Adani Electricity Utility - Recurring Subscription,Utilities
Airbnb India Holidays,AIRBNB PAYMENTS HOLIDAYS,Private Villa Booking in Lonavala,Vacation
Airbnb India Travels,AIRBNB PAYMENTS TRAVELS,Beachfront Homestay Gokarna,Vacation
Family Corporate Payout,SALARY/PRIYASHARMA,Monthly Salary Credit - December 2025,Miscellaneous
Mainland China Delivery,MAINLAND CHINA DELIVERY,Dim Sum & Dumplings,Food & Dining
Namma Metro Service,BMRCL SERVICE,Namma Metro Card Recharge,Transportation
School Tuition Fee,RYAN INTL SCHOOL,School Tuition Fee - Recurring Subscription,Education
More Megastore,MORE MEGASTORE,Toiletries & Detergent,Groceries
Tata Play DTH,TATA PLAY,DTH Monthly HD Pack Recharge,Utilities
Haldiram's Outlet,HALDIRAMS SWEETS OUTLET,Assorted Sweets Box,Food & Dining
Starbucks Express,STARBUCKS COFFEE EXPRESS,Iced Americano & Croissant,Food & Dining
Cult.fit Gym Healthcare,CUREFIT HEALTHCARE HEALTHCARE,Cultpass Elite 12 Months Gym Membership,Healthcare
Investor Corporate Payout,SALARY/TANVIBHAT,Monthly Salary Credit - October 2025,Miscellaneous
Goibibo Holidays,GOIBIBO HOLIDAYS,Outstation Cab & Homestay,Vacation
Delhi Metro Service,DELHI METRO SERVICE,Metro Smart Card Recharge,Transportation
Myntra Store,MYNTRA STORE,Leather Jacket & Boots,Shopping
Taj Hotels Travels,TAJ RESORTS TRAVELS,Taj Lake Palace Luxury Suite Weekend Stay,Vacation
Nykaa Fashion,NYKAA BEAUTY FASHION,Perfume & Fragrance,Shopping
H&M India,H&M RETAIL INDIA,Oversized Hoodie,Shopping
PVR Cinemas India,PVR LIMITED INDIA,PVR Recliner Movie Tickets & Popcorn Combo,Entertainment
Family Corporate Payout,SALARY/SIDDHARTHJOSHI,Monthly Salary Credit - January 2025,Miscellaneous
Namma Metro,BMRCL,Metro QR Ticket,Transportation
Beardo,BEARDO,Charcoal Face Wash & Grooming Kit,Grooming
Vijay Sales Fashion,VIJAY SALES RETAIL FASHION,Double Door Refrigerator,Shopping
Tata Play DTH Bill,TATA PLAY BILL,DTH Monthly HD Pack Recharge,Utilities
Unacademy Academy,SORTING HAT TECHNOLOGIES ACADEMY,UPSC Coaching Subscription,Education
Country Delight,ORGANICS COUNTRY DELIGHT,Cow Milk Monthly Subscription,Groceries
Taco Bell,TACO BELL,Naked Chicken Taco,Food & Dining
Apollo Pharmacy Care,APOLLO HOSPITALS PHARMA CARE,Monthly Diabetes Medication,Healthcare
Starbucks Express,STARBUCKS COFFEE EXPRESS,Cappuccino & Muffin,Food & Dining
FASTag Recharge Fuel,NHAI FASTAG RECHARGE FUEL,FASTag Recharge Fuel - Recurring Subscription,Transportation
Taco Bell,TACO BELL,Quesadilla & Seasoned Fries,Food & Dining
Landlord Direct Rent,RENT PAYMENT,House Rent for Current Month,Rent & Housing
Retired Corporate Payout,SALARY/ADITIREDDY,Monthly Salary Credit - July 2025,Miscellaneous
Coursera Learning,COURSERA LEARNING,Deep Learning Specialization Certificate Fee,Education
Apollo Pharmacy Medical,APOLLO 247 MEDICAL,Prescription Medicines & Vitamins,Healthcare
Tata 1mg Healthcare,1MG HEALTHCARE,Ayurvedic & Health Care Products,Healthcare
School Tuition Fee Learning,SCHOOL FEE LEARNING,School Tuition Fee Learning - Recurring Subscription,Education
NoBroker Rent Pay Pay,NOBROKER RENT PAY,NoBroker Rent Pay Pay - Recurring Subscription,Rent & Housing
Croma Digital,INFINITI RETAIL CROMA DIGITAL,OLED 4K Smart TV,Shopping
Zomato Delivery,Zomato Ltd DELIVERY,Dinner Order,Food & Dining
Chai Point Outlet,CHAI POINT EXPRESS OUTLET,Ice Chai & Sandwich,Food & Dining
MSEDCL Power,MAHARASHTRA ELECTRICITY,Power & Electricity Monthly Charges,Utilities
Beardo Care,BEARDO CARE,Charcoal Face Wash & Grooming Kit,Grooming
BusinessOwner Corporate Payout,SALARY/ISHANSHARMA,Monthly Salary Credit - April 2025,Miscellaneous
Cafe Coffee Day Express,CAFE COFFEE DAY EXPRESS,Tropical Ice Tea,Food & Dining
Student Corporate Payout,SALARY/ADITISINGHANIA,Monthly Salary Credit - April 2025,Miscellaneous
H&M India Digital,H&M RETAIL INDIA DIGITAL,Oversized Hoodie,Shopping
DTDC Express Services,DTDC SERVICES,Outstation Courier Document Charge,Miscellaneous
PharmEasy Medical,API HOLDINGS MEDICAL,Health Supplements & Protein,Healthcare
YouTube Premium Digital,YOUTUBE PREMIUM DIGITAL,YouTube Premium Individual Plan,Entertainment
Local Kirana Store Mart,CITY SUPERMART MART,Sugar & Salt,Groceries
Rapido Service,ROPPEN TRANSPORTATION SERVICE,Quick Office Commute,Transportation
Licious Direct,LICIOUS MEAT DIRECT,Mutton Curry Cut,Groceries
Zomato,Zomato Ltd,Burger Meal,Food & Dining
Delhi Metro Pay,DELHI METRO PAY,Metro Card Auto-Topup,Transportation
Naturals Salon,NATURALS BEAUTY CARE,Facial & Threading,Grooming
PharmEasy Care,PHARMEASY ONLINE CARE,Health Supplements & Protein,Healthcare
MSEDCL Power Utility,MAHARASHTRA ELECTRICITY UTILITY,Power & Electricity Monthly Charges,Utilities
Zerodha Investments,ZERODHA COIN INVESTMENTS,Monthly Mutual Fund SIP Investment,Investments
Student Corporate Payout,SALARY/PRIYAPATEL,Monthly Salary Credit - August 2025,Miscellaneous
Prime Video,PRIME VIDEO,Prime Monthly Video Plan,Entertainment
Wow! Momo Delivery,WOW MOMO FOODS DELIVERY,Momo Burger Combo,Food & Dining
JioFiber Bill,JIO BROADBAND BILL,JioFiber Unlimited Internet Monthly Plan,Utilities
Nature's Basket Store,SPENCERS NATURES BASKET STORE,Imported Gourmet Sauces,Groceries
Scaler Academy Learning,INTERVIEWBIT LEARNING,Scaler Academy Learning - Recurring Subscription,Education
Unacademy,SORTING HAT TECHNOLOGIES,Unacademy - Recurring Subscription,Education
WorkingProfessional Corporate Payout,SALARY/PRIYACHOWDHURY,Monthly Salary Credit - September 2025,Miscellaneous
SoftwareEngineer Corporate Payout,SALARY/ANANYASINGHANIA,Monthly Salary Credit - October 2025,Miscellaneous
SonyLIV Media,SONYLIV MEDIA,Sports & Live Match Pass,Entertainment
Coursera Edu,COURSERA EDU,Coursera Edu - Recurring Subscription,Education
Urban Company Care,URBANIC TECH CARE,Deep Tissue Full Body Massage,Grooming
Indane LPG Gas,INDANE GAS,Indane LPG Gas - Recurring Subscription,Utilities
Family Corporate Payout,SALARY/KAVYAIYER,Monthly Salary Credit - June 2025,Miscellaneous
Jawed Habib Salon Care,JAWED HABIB CARE,"Haircut, Wash & Styling",Grooming
Air India Service,TATA AIR INDIA SERVICE,Economy Class Domestic Flight,Transportation
Namma Metro Pay,BMRCL PAY,Metro QR Ticket,Transportation
Shell Petrol Pump Pay,SHELL PAY,Shell Lubricant & Fuel,Transportation
Flipkart,FLIPKART,Kitchen Mixer Grinder,Shopping
Third Wave Coffee,CUSTOMIZED COFFEE PVT,Avocado Toast & Latte,Food & Dining
Baskin Robbins Delivery,GRAVISS FOODS DELIVERY,Ice Cream Cake Slice,Food & Dining
Nykaa Retail,NYKAA BEAUTY RETAIL,Makeup Products & Foundation,Shopping
H&M India Retail,H&M RETAIL,Oversized Hoodie,Shopping
Paradise Biryani,PARADISE BIRYANI,Chicken Dum Biryani Pack,Food & Dining
PVR Cinemas Digital,PVR INOX DIGITAL,PVR Recliner Movie Tickets & Popcorn Combo,Entertainment
Oyo Rooms Stays,ORAVEL STAYS STAYS,Budget Hotel Stay for 2 Nights,Vacation
Crossword Bookstore,CROSSWORD BOOKSTORES,Notebooks & Premium Stationery,Education
PhysicsWallah Edu,PW LIVE EDU,NEET Prep Study Material,Education
Blinkit Direct,BLINKIT DIRECT,Fresh Vegetables & Fruits,Groceries
Third Wave Coffee Express,CUSTOMIZED COFFEE PVT EXPRESS,Avocado Toast & Latte,Food & Dining
Student Corporate Payout,SALARY/TANVISINGHANIA,Monthly Salary Credit - October 2025,Miscellaneous
JioFiber Bill,RELIANCE JIO INFOCOMM BILL,JioFiber Bill - Recurring Subscription,Utilities
Urban Company Salon,URBAN COMPANY SALON,Salon at Home - Haircut & Facial,Grooming
Empire Restaurant Express,HOTEL EMPIRE EXPRESS,Ghee Rice & Kebab,Food & Dining
Naturals Ice Cream Outlet,KAMAT HOTELS NATURALS OUTLET,Sitaphal & Mango Scoops,Food & Dining
JioFiber Utility,JIO BROADBAND UTILITY,JioFiber Utility - Recurring Subscription,Utilities
BigBasket Direct,BB DAILY DIRECT,"Atta, Dal & Sugar Basket",Groceries
NoBroker Rent Pay,NOBROKER RENT,Monthly Flat Rent Payment,Rent & Housing
Vi Postpaid,VI POSTPAID,Vi Postpaid - Recurring Subscription,Utilities
Pet Care Clinic Services,VET HOSPITALS SERVICES,Dog Food & Toys,Miscellaneous
ICICI Direct,ICICI DIRECT,Equity Portfolio Investment,Investments
Shell Petrol Pump Service,SHELL PETROL SERVICE,Shell Lubricant & Fuel,Transportation
Third Wave Coffee,CUSTOMIZED COFFEE PVT,Vietnamese Iced Coffee,Food & Dining
BusinessOwner Corporate Payout,SALARY/ISHANPATEL,Monthly Salary Credit - December 2025,Miscellaneous
Croma,CROMA,Air Conditioner 1.5 Ton,Shopping
Zepto Store,ZEPTO DAILY STORE,Instant Grocery Delivery,Groceries
Ola Cabs Fuel,OLA CABS FUEL,Ola Mini Ride to Mall,Transportation
Jawed Habib Salon Spa,JAWED HABIB SPA,Beard Trim & Hair Spa,Grooming
SpiceJet,SPICEJET,Excess Baggage Fee,Transportation
Westside Retail,WESTSIDE RETAIL,Western Dresses,Shopping
Cult.fit Gym,CULT FIT,Cultpass Elite 12 Months Gym Membership,Healthcare
IndiGo Service,INTERGLOBE AVIATION SERVICE,Return Flight Booking,Transportation
HP Gas,HINDUSTAN PETROLEUM LPG,HP Gas - Recurring Subscription,Utilities
Swiggy Instamart,INSTAMART,Daily Milk & Curd,Groceries
Naturals Ice Cream Express,KAMAT HOTELS NATURALS EXPRESS,Family Pack Tub,Food & Dining
Myntra Retail,MYNTRA FASHION RETAIL,Denim Jeans & T-shirts,Shopping
Society Maintenance,APARTMENT ASSN MAINTENANCE,Society Maintenance - Recurring Subscription,Rent & Housing
General Miscellaneous UPI,MISC MERCHANT,Small Local Merchant Payment,Miscellaneous
BigBasket Store,BIGBASKET STORE,"Atta, Dal & Sugar Basket",Groceries
Society Maintenance Online,MYGATE MAINTENANCE ONLINE,Society Maintenance Online - Recurring Subscription,Rent & Housing
Naturals Ice Cream,NATURALS ICE CREAM,Sitaphal & Mango Scoops,Food & Dining
IRCTC Pay,IRCTC PAY,3AC Train Ticket Booking,Transportation
BESCOM Electricity,BANGALORE ELECTRICITY,Monthly Electricity Consumption Bill,Utilities
Housing.com Rent Pay,HOUSING.COM RENT PAY,Housing.com Rent Pay - Recurring Subscription,Rent & Housing
FASTag Recharge Service,NHAI FASTAG RECHARGE SERVICE,National Highway Toll FASTag Topup,Transportation
Amazon India Fashion,AMAZON PAY INDIA FASHION,Kindle Paperwhite,Shopping
Paradise Biryani Outlet,PARADISE BIRYANI OUTLET,Mirchi Ka Salan Combo,Food & Dining
Zudio Digital,ZUDIO DIGITAL,Casual T-shirts & Shorts,Shopping
Zomato Outlet,Zomato Ltd OUTLET,North Indian Combo,Food & Dining
Netflix Media,NETFLIX MEDIA,Netflix Standard Monthly Plan,Entertainment
Udemy Academy,UDEMY ACADEMY,Python Data Science Masterclass Course,Education
Country Delight Store,COUNTRY DELIGHT STORE,Fresh Paneer & Taaza Dahi,Groceries
Zerodha Investments,ZERODHA BROKING INVESTMENTS,Sovereign Gold Bond Purchase,Investments
Kama Ayurveda Spa,KAMA AYURVEDA SPA,Kumkumadi Miraculous Night Serum,Grooming
FreshToHome Mart,FRESHTOHOME FOODS MART,Fresh Sea Fish,Groceries
Air India Service,TATA AIR INDIA SERVICE,Flight Booking to Mumbai,Transportation
Baskin Robbins Outlet,BASKIN ROBBINS OUTLET,Mississippi Mud Sundae,Food & Dining
Family Corporate Payout,SALARY/SIDDHARTHPATEL,Monthly Salary Credit - August 2025,Miscellaneous
Groww Capital,GROWW SIP CAPITAL,Index Fund SIP Monthly Auto-debit,Investments
Chai Point Outlet,CHAI POINT OUTLET,Filter Coffee & Bun Maska,Food & Dining
Swiggy Delivery,SWIGGY*PAY DELIVERY,Butter Chicken Meal,Food & Dining
Beardo Care,BEARDO CARE,Charcoal Face Wash & Grooming Kit,Grooming
BookMyShow Media,BIGTREE ENTERTAINMENT MEDIA,Movie Tickets for 2 - IMAX 3D,Entertainment
Amazon India Retail,AMAZON PAY INDIA RETAIL,Kindle Paperwhite,Shopping
Spotify India,SPOTIFY INDIA INDIA,Spotify Premium Individual Plan,Entertainment
IRCTC Pay,IRCTC PAY,Rajdhani Express AC 2 Tier,Transportation
Booking.com Stays,BOOKING.COM INDIA STAYS,Luxury Heritage Hotel Stay Jaipur,Vacation
Namma Yatri Fuel,NAMMA YATRI FUEL,Auto Ride via Namma Yatri,Transportation
Crossword Bookstore Learning,CROSSWORD BOOKSTORES LEARNING,Technical Books & Fiction Novels,Education
Udemy Learning,UDEMY LEARNING,Python Data Science Masterclass Course,Education
Vi Postpaid,VI POSTPAID,Mobile Postpaid Monthly Bill,Utilities
Society Maintenance Online,APARTMENT ASSN MAINTENANCE ONLINE,Quarterly Maintenance Fee,Rent & Housing
Myntra Fashion,MYNTRA FASHION,Leather Jacket & Boots,Shopping
Domino's Pizza,DOMINOS ONLINE,Choco Lava Cake,Food & Dining
Decathlon Fashion,DECATHLON SPORTS INDIA FASHION,Yoga Mat & Dumbbells,Shopping
Coursera Edu,COURSERA EDU,Coursera Plus Annual Subscription,Education
Taj Hotels Travels,TAJ RESORTS TRAVELS,Fine Dining & Spa,Vacation
Decathlon Fashion,DECATHLON FASHION,Trekking Backpack & Shoes,Shopping
Amazon India Retail,AMZN PAY RETAIL,Cotton Casual Shirts,Shopping
H&M India Store,H&M STORE,Casual Sneakers,Shopping
Starbucks,STARBUCKS COFFEE,Java Chip Frappuccino,Food & Dining
WorkingProfessional Corporate Payout,SALARY/SIDDHARTHSHARMA,Monthly Salary Credit - February 2025,Miscellaneous
Coursera Academy,COURSERA ACADEMY,Coursera Academy - Recurring Subscription,Education
NoBroker Rent Pay Online,NOBROKER RENT ONLINE,NoBroker Rent Pay Online - Recurring Subscription,Rent & Housing
PVR Cinemas India,PVR LIMITED INDIA,PVR Gold Class Movie Tickets,Entertainment
Landlord Direct Rent Online,RENT PAYMENT ONLINE,Monthly Apartment Rent Transfer,Rent & Housing
Chaayos Delivery,CHAAYOS DELIVERY,Desi Chai & Maska Bun,Food & Dining
SonyLIV Digital,SONYLIV DIGITAL,SonyLIV Premium Annual Subscription,Entertainment
SonyLIV,SONYLIV,Sports & Live Match Pass,Entertainment
Cult.fit Gym,CUREFIT HEALTHCARE,Cult Live Workout Subscription,Healthcare
PPF Deposit Capital,PPF DEPOSIT CAPITAL,Annual PPF Tax Saving Contribution,Investments
Indane LPG Gas Utility,INDANE GAS UTILITY,Indane LPG Gas Utility - Recurring Subscription,Utilities
Zepto Direct,KIRANAKART DIRECT,Fresh Tomatoes & Onions,Groceries
Naturals Salon,NATURALS SALON,Hair Coloring & Keratin Treatment,Grooming
YouTube Premium India,YOUTUBE PREMIUM INDIA,YouTube Premium India - Recurring Subscription,Entertainment
Barbeque Nation,BARBEQUE NATION LTD,Weekend Lunch Buffet,Food & Dining
Lenskart Healthcare,LENSKART SOLUTIONS HEALTHCARE,Ray-Ban Sunglasses,Healthcare
MakeMyTrip Holidays,MMT INDIA HOLIDAYS,Manali Tour Package Booking,Vacation
Society Maintenance Pay,MYGATE MAINTENANCE PAY,Quarterly Maintenance Fee,Rent & Housing
Shell Petrol Pump Fuel,SHELL INDIA FUEL,Shell Lubricant & Fuel,Transportation
Nature's Basket Mart,NATURES BASKET MART,Artisanal Bread & Organic Honey,Groceries
Local Kirana Store Direct,CITY SUPERMART DIRECT,Soap & Shampoo Sachet,Groceries
Udemy Edu,UDEMY ONLINE COURSES EDU,Fullstack Web Development Bootcamp,Education
JioFiber,JIOFIBER,JioFiber - Recurring Subscription,Utilities
Airbnb India Stays,AIRBNB PAYMENTS STAYS,Private Villa Booking in Lonavala,Vacation
PhysicsWallah Learning,PW LIVE LEARNING,NEET Prep Study Material,Education
H&M India Retail,H&M RETAIL,Casual Sneakers,Shopping
Zepto Direct,ZEPTO DAILY DIRECT,Cold Drinks & Chips,Groceries
Tata 1mg,1MG,Diagnostic Blood Test Booking,Healthcare
Lenskart Care,LENSKART CARE,Ray-Ban Sunglasses,Healthcare
Namma Yatri Pay,MOVING TECH NAMMA PAY,Auto Ride via Namma Yatri,Transportation
Myntra,MYNTRA,Leather Jacket & Boots,Shopping
Country Delight Direct,ORGANICS COUNTRY DELIGHT DIRECT,Fresh Paneer & Taaza Dahi,Groceries
Vi Postpaid Utility,VI POSTPAID UTILITY,Mobile Postpaid Monthly Bill,Utilities
Urban Company Spa,URBAN COMPANY SPA,Pedicure & Manicure,Grooming
Apollo Pharmacy Medical,APOLLO 247 MEDICAL,Monthly Diabetes Medication,Healthcare
Ola Cabs,OLA AUTO,Ola Auto Ride,Transportation
McDonald's,MCDONALDS Pune,Cold Coffee & Soft Serve,Food & Dining
Namma Yatri Service,NAMMA YATRI SERVICE,Direct Auto Payment,Transportation
Spotify Digital,SPOTIFY DIGITAL,Spotify Premium Individual Plan,Entertainment
Uber Pay,UBER AUTO PAY,Uber Moto Short Ride,Transportation
Bikanervala Delivery,BIKANERVALA DELIVERY,Special Thali,Food & Dining
Zepto,ZEPTO,Fresh Tomatoes & Onions,Groceries
Landlord Direct Rent Pay,RENT PAYMENT PAY,Room Rent Payment,Rent & Housing
Licious,LICIOUS MEAT,Prawns & Fish,Groceries
Myntra Digital,MYNTRA DESIGNS DIGITAL,Denim Jeans & T-shirts,Shopping
Burger King Express,BURGER KING INDIA EXPRESS,Whopper Combo,Food & Dining
Nature's Basket Mart,SPENCERS NATURES BASKET MART,Imported Gourmet Sauces,Groceries
WorkingProfessional Corporate Payout,SALARY/PRANAVBHAT,Monthly Salary Credit - November 2025,Miscellaneous
HPCL Fuel Fuel,HINDUSTAN PETROLEUM FUEL,Diesel Refill,Transportation
Rapido Fuel,RAPIDO BIKE FUEL,Quick Office Commute,Transportation
McDonald's Delivery,MCDONALDS Delhi NCR DELIVERY,McSpicy Chicken Meal,Food & Dining
MakeMyTrip Travels,MMT INDIA TRAVELS,Goa Beach Resort 3 Nights Stay,Vacation
Apple Music Media,APPLE MUSIC MEDIA,Apple Music Media - Recurring Subscription,Entertainment
Retired Corporate Payout,SALARY/ISHANREDDY,Monthly Salary Credit - April 2025,Miscellaneous
HPCL Fuel Service,HP PETROL PUMP SERVICE,Engine Oil & Fuel,Transportation
Udemy Learning,UDEMY ONLINE COURSES LEARNING,Fullstack Web Development Bootcamp,Education
Landlord Direct Rent Online,HOUSE RENT UPI ONLINE,Room Rent Payment,Rent & Housing
Social Express,IMPRESARIO ENTERTAINMENT EXPRESS,Cocktails & Bar Bites,Food & Dining
SonyLIV,CULVER MAX ENTERTAINMENT,SonyLIV - Recurring Subscription,Entertainment
Airbnb India Stays,AIRBNB PAYMENTS STAYS,Private Villa Booking in Lonavala,Vacation
Haldiram's,HALDIRAM RESTAURANT,Raj Kachori & Chole Bhature,Food & Dining
Kama Ayurveda Spa,KAMA AYURVEDA RETAIL SPA,Bringadi Hair Oil & Ayurvedic Soap,Grooming
Beardo,BEARDO,Charcoal Face Wash & Grooming Kit,Grooming
Apple Store,UNICORN APPLE,AirPods Pro 2,Shopping
Prime Video Media,PRIME VIDEO MEDIA,Prime Video Media - Recurring Subscription,Entertainment
PVR Cinemas Digital,PVR LIMITED DIGITAL,PVR Gold Class Movie Tickets,Entertainment
Delhi Metro Service,DELHI METRO SERVICE,Metro Card Auto-Topup,Transportation
Kama Ayurveda Care,KAMA AYURVEDA RETAIL CARE,Bringadi Hair Oil & Ayurvedic Soap,Grooming
Starbucks Outlet,STARBUCKS INDIA OUTLET,Iced Americano & Croissant,Food & Dining
Vi Postpaid Bill,VI POSTPAID BILL,Vi Postpaid Bill - Recurring Subscription,Utilities
NPS Contribution Capital,CRA NSDL NPS CAPITAL,NPS Contribution Capital - Recurring Subscription,Investments
McDonald's Express,MCDONALDS Lucknow EXPRESS,Cold Coffee & Soft Serve,Food & Dining
Starbucks Outlet,STARBUCKS COFFEE OUTLET,Java Chip Frappuccino,Food & Dining
Practo,PRACTO,Online Doctor Video Consultation,Healthcare
Coursera Edu,COURSERA EDU,Coursera Plus Annual Subscription,Education
Local Kirana Store,CITY SUPERMART,Soap & Shampoo Sachet,Groceries
Subway Delivery,SUBWAY Kolkata DELIVERY,Paneer Tikka Sub 6-inch,Food & Dining
Taj Hotels Travels,TAJ RESORTS TRAVELS,Fine Dining & Spa,Vacation
FASTag Recharge,FASTAG,FASTag Auto Recharge,Transportation
IRCTC,IRCTC,Sleeper Class Ticket,Transportation
BESCOM Electricity Bill,BESCOM BILL,Monthly Electricity Consumption Bill,Utilities
Lenskart Medical,LENSKART SOLUTIONS MEDICAL,Contact Lenses & Solution,Healthcare
School Tuition Fee Academy,DELHI PUBLIC SCHOOL FEE ACADEMY,School Tuition Fee Academy - Recurring Subscription,Education
Flipkart,FLIPKART,Running Shoes & Sports Wear,Shopping
Local ATM Cash Withdrawal Direct,HDFC BANK ATM DIRECT,ATM Cash Withdrawal for Daily Pocket Expenses,Miscellaneous
D-Mart Store,DMART STORE,Snacks & Pulses,Groceries
Apple Store Fashion,UNICORN APPLE FASHION,MacBook Air M2 Laptop,Shopping
Flipkart Fashion,FLIPKART FASHION,Smart TV Purchase,Shopping
Zomato Outlet,Zomato Gold OUTLET,Lunch Thali,Food & Dining
Chai Point Express,CHAI POINT EXPRESS,Ice Chai & Sandwich,Food & Dining
Nature's Basket Direct,SPENCERS NATURES BASKET DIRECT,Imported Gourmet Sauces,Groceries
Pizza Hut Outlet,DEVYANI INT PIZZA OUTLET,Personal Pan Pizza,Food & Dining
Student Corporate Payout,SALARY/PRANAVJOSHI,Monthly Salary Credit - January 2025,Miscellaneous
BPCL Fuel Fuel,BPCL FUEL,Two-wheeler Fuel Topup,Transportation
Naturals Salon Care,NATURALS BEAUTY CARE CARE,Hair Coloring & Keratin Treatment,Grooming
Westside Retail,WESTSIDE RETAIL,Formal Trousers & Blazers,Shopping
Student Corporate Payout,SALARY/KAVYAMEHTA,Monthly Salary Credit - March 2025,Miscellaneous
Swiggy Instamart Store,INSTAMART STORE,Fresh Fruits Basket,Groceries
HPCL Fuel Service,HINDUSTAN PETROLEUM SERVICE,Petrol Tank Full,Transportation
YouTube Premium India,YOUTUBE PREMIUM INDIA,YouTube Premium Individual Plan,Entertainment
Udemy Edu,UDEMY ONLINE COURSES EDU,Python Data Science Masterclass Course,Education
Taco Bell Express,BURMAN HOSPITALITY TACO EXPRESS,Quesadilla & Seasoned Fries,Food & Dining
Lenskart Medical,LENSKART SOLUTIONS MEDICAL,Anti-glare Prescription Eyeglasses,Healthcare
Rapido Pay,RAPIDO PAY,Quick Office Commute,Transportation
H&M India Digital,H&M DIGITAL,Casual Sneakers,Shopping
Pizza Hut Outlet,DEVYANI INT PIZZA OUTLET,Pasta & Garlic Bread,Food & Dining
DTDC Express Direct,DTDC EXPRESS LTD DIRECT,Outstation Courier Document Charge,Miscellaneous
IOCL Fuel Service,INDIAN OIL SERVICE,Diesel Tank Refill,Transportation
BESCOM Electricity Utility,BESCOM BILL PAY UTILITY,BESCOM Electricity Utility - Recurring Subscription,Utilities
BigBasket Mart,SUPERMARKET GROCERY MART,Weekly Organic Vegetables,Groceries
Swiggy Instamart Mart,INSTAMART MART,Daily Milk & Curd,Groceries
Zerodha Investments,ZERODHA INVESTMENTS,Zerodha Investments - Recurring Subscription,Investments
Local Kirana Store Direct,UPAHAR PROVISIONS DIRECT,Sugar & Salt,Groceries
Housing.com Rent,LOCON SOLUTIONS,Housing.com Rent - Recurring Subscription,Rent & Housing
Taco Bell Outlet,BURMAN HOSPITALITY TACO OUTLET,Quesadilla & Seasoned Fries,Food & Dining
Naturals Ice Cream Express,KAMAT HOTELS NATURALS EXPRESS,Sitaphal & Mango Scoops,Food & Dining
HP Gas,HINDUSTAN PETROLEUM LPG,LPG Cooking Gas Cylinder Refill,Utilities
Crossword Bookstore Academy,CROSSWORD BOOKSTORES ACADEMY,Technical Books & Fiction Novels,Education
NoBroker Rent Pay Online,NOBROKER RENT ONLINE,NoBroker Rent Pay Online - Recurring Subscription,Rent & Housing
Student Corporate Payout,SALARY/DIYAVERMA,Monthly Salary Credit - June 2025,Miscellaneous
Spotify,SPOTIFY,Spotify - Recurring Subscription,Entertainment
Housing.com Rent Online,HOUSING.COM RENT ONLINE,Housing.com Rent Online - Recurring Subscription,Rent & Housing
Zomato Delivery,ZOMATO DELIVERY,Dessert & Ice Cream,Food & Dining
PharmEasy,PHARMEASY ONLINE,Monthly Medicine Order,Healthcare
YouTube Premium Digital,GOOGLE YOUTUBE DIGITAL,YouTube Premium Digital - Recurring Subscription,Entertainment
CRED RentPay Online,CRED RENTPAY ONLINE,CRED RentPay Online - Recurring Subscription,Rent & Housing
Groww Investments,NEXTBILLION TECHNOLOGY INVESTMENTS,Index Fund SIP Monthly Auto-debit,Investments
D-Mart,DMART,Detergents & Toiletries,Groceries
Baskin Robbins Outlet,GRAVISS FOODS OUTLET,Ice Cream Cake Slice,Food & Dining
Chaayos Express,SUNSHINE TEAHOUSE EXPRESS,Kulhad Chai & Poha,Food & Dining
Nykaa,FSN E-COMMERCE,Makeup Products & Foundation,Shopping
Oyo Rooms Holidays,ORAVEL STAYS HOLIDAYS,Budget Hotel Stay for 2 Nights,Vacation
Booking.com Holidays,BOOKING.COM HOLIDAYS,Boutique Resort Stay Udaipr,Vacation
Upstox Capital,UPSTOX CAPITAL,Stock Trading Margin Topup,Investments
Upstox,RKSV SECURITIES,FNO Options Investment,Investments
Zara India,INDITEX ZARA,Designer Overcoat,Shopping
Landlord Direct Rent,RENT PAYMENT,House Rent for Current Month,Rent & Housing
Disney+ Hotstar Digital,NOVI DIGITAL DIGITAL,Hotstar Premium Annual Subscription,Entertainment
Apple Store Fashion,IMAGINE APPLE PREMIUM FASHION,AirPods Pro 2,Shopping
Chai Point Outlet,CHAI POINT OUTLET,Ginger Chai & Samosa,Food & Dining
Scaler Academy,SCALER ACADEMY,Software Engineering Track Installment,Education
School Tuition Fee,DELHI PUBLIC SCHOOL FEE,Quarterly School Tuition & Transport Fee,Education
Cafe Coffee Day Delivery,CAFE COFFEE DAY DELIVERY,Cafe Latte & Garlic Toast,Food & Dining
BookMyShow Digital,BIGTREE ENTERTAINMENT DIGITAL,Concert Event Passes,Entertainment
CRED RentPay Online,CRED RENT ONLINE,Flat Rent Pay via CRED,Rent & Housing
More Megastore Store,MORE RETAIL STORE,Supermarket Groceries Order,Groceries
Zepto Store,ZEPTO STORE,Cold Drinks & Chips,Groceries
Landlord Direct Rent,RENT PAYMENT,Landlord Direct Rent - Recurring Subscription,Rent & Housing
YouTube Premium,GOOGLE YOUTUBE,YouTube Family Subscription,Entertainment
Bodycraft Salon Care,BODYCRAFT CARE,Aromatherapy Massage,Grooming
BlueDart Direct,BLUE DART EXPRESS DIRECT,Urgent Air Courier Delivery Fee,Miscellaneous
Housing.com Rent,LOCON SOLUTIONS,Housing.com Rent - Recurring Subscription,Rent & Housing
McDonald's,MCD DELIVERY,Happy Meal,Food & Dining
SpiceJet Service,SPICEJET AIRLINES SERVICE,Excess Baggage Fee,Transportation
Goibibo Stays,IBIBO GROUP STAYS,Weekend Hotel Booking in Coorg,Vacation
Haldiram's,HALDIRAMS SWEETS,Assorted Sweets Box,Food & Dining
Barbeque Nation Express,BBQ NATION EXPRESS,Corporate Buffet Outing,Food & Dining
MakeMyTrip Travels,MMT INDIA TRAVELS,Goa Beach Resort 3 Nights Stay,Vacation
Flipkart Fashion,FLIPKART FASHION,Running Shoes & Sports Wear,Shopping
CRED RentPay Pay,DREAMPLUG RENT PAY,Flat Rent Pay via CRED,Rent & Housing
Adani Electricity Utility,ADANI POWER MUMBAI UTILITY,Monthly Power Utility Payment,Utilities
Subway,SUBWAY INDIA,Sub Meal & Cookie,Food & Dining
Burger King Delivery,BK DELIVERY DELIVERY,Crispy Chicken Meal,Food & Dining
IndiGo,INDIGO,Indigo Flight Seat Selection & Meal,Transportation
Spotify,SPOTIFY AB,Spotify Duo Monthly Plan,Entertainment
BESCOM Electricity Utility,BANGALORE ELECTRICITY UTILITY,Monthly Electricity Consumption Bill,Utilities
Myntra,MYNTRA,Denim Jeans & T-shirts,Shopping
Booking.com,BOOKING.COM INDIA,Luxury Heritage Hotel Stay Jaipur,Vacation
NoBroker Rent Pay,NOBROKER RENT,NoBroker Rent Pay - Recurring Subscription,Rent & Housing
FreshToHome,FRESHTOHOME FOODS,Antibiotic-free Chicken,Groceries
Jawed Habib Salon Spa,JAWED HABIB SPA,"Haircut, Wash & Styling",Grooming
D-Mart Mart,DMART Ahmedabad MART,Snacks & Pulses,Groceries
Taj Hotels Travels,TAJ RESORTS TRAVELS,Taj Lake Palace Luxury Suite Weekend Stay,Vacation
Unacademy,SORTING HAT TECHNOLOGIES,UPSC Coaching Subscription,Education
Lenskart Healthcare,LENSKART HEALTHCARE,Anti-glare Prescription Eyeglasses,Healthcare
Paytm Money Capital,PAYTM MONEY CAPITAL,Paytm Money Capital - Recurring Subscription,Investments
Paytm Money,PAYTM MONEY,Nifty 50 Mutual Fund SIP,Investments
BESCOM Electricity Bill,BANGALORE ELECTRICITY BILL,BESCOM Electricity Bill - Recurring Subscription,Utilities
Jawed Habib Salon Care,JAWED HABIB HAIR & BEAUTY CARE,Beard Trim & Hair Spa,Grooming
Air India Fuel,AIR INDIA FUEL,Business Class Upgrade,Transportation
KFC Express,KFC ONLINE EXPRESS,Smoky Red Chicken,Food & Dining
BlueDart,BLUEDART,Urgent Air Courier Delivery Fee,Miscellaneous
Scaler Academy Academy,INTERVIEWBIT ACADEMY,Software Engineering Track Installment,Education
HPCL Fuel Pay,HPCL PAY,Engine Oil & Fuel,Transportation
Booking.com Travels,BOOKING.COM INDIA TRAVELS,Boutique Resort Stay Udaipr,Vacation
Retired Corporate Payout,SALARY/KAVYAGUPTA,Monthly Salary Credit - March 2025,Miscellaneous
BusinessOwner Corporate Payout,SALARY/ISHANGUPTA,Monthly Salary Credit - November 2025,Miscellaneous
Baskin Robbins,GRAVISS FOODS,Ice Cream Cake Slice,Food & Dining
Jawed Habib Salon Salon,JAWED HABIB SALON,Beard Trim & Hair Spa,Grooming
Croma Digital,INFINITI RETAIL CROMA DIGITAL,Washing Machine Front Load,Shopping
Lenskart Care,LENSKART CARE,Anti-glare Prescription Eyeglasses,Healthcare
Scaler Academy Academy,INTERVIEWBIT ACADEMY,Software Engineering Track Installment,Education
Zerodha,ZERODHA COIN,Sovereign Gold Bond Purchase,Investments
Naturals Ice Cream,NATURALS ICE CREAM,Tender Coconut Ice Cream,Food & Dining
PPF Deposit,SBI PPF ACCOUNT,Annual PPF Tax Saving Contribution,Investments
Groww,GROWW SIP,Direct Equity Investment,Investments
BigBasket Mart,BB DAILY MART,Dairy Products,Groceries
Taj Hotels,INDIAN HOTELS CO LTD,Taj Lake Palace Luxury Suite Weekend Stay,Vacation
Apollo Pharmacy Care,APOLLO HOSPITALS PHARMA CARE,First Aid & Skincare Items,Healthcare
Subway Outlet,SUBWAY OUTLET,Sub of the Day,Food & Dining
Bikanervala Delivery,BIKANERVALA DELIVERY,Kaju Katli Box,Food & Dining
Myntra Store,MYNTRA STORE,Festive Kurta Set,Shopping
Society Maintenance,SOCIETY MAINTENANCE,Quarterly Maintenance Fee,Rent & Housing
McDonald's,HARDCASTLE RESTAURANTS,McSpicy Chicken Meal,Food & Dining
Kama Ayurveda Spa,KAMA AYURVEDA RETAIL SPA,Bringadi Hair Oil & Ayurvedic Soap,Grooming
PharmEasy Healthcare,API HOLDINGS HEALTHCARE,Monthly Medicine Order,Healthcare
Landlord Direct Rent Pay,RENT PAYMENT PAY,Room Rent Payment,Rent & Housing
Burger King,BK DELIVERY,Whopper Combo,Food & Dining
Spotify India,SPOTIFY INDIA,Spotify Duo Monthly Plan,Entertainment
Beardo Spa,ZED BLACK BEARDO SPA,Beard Oil & Growth Serum,Grooming
Wonderla Digital,WONDERLA DIGITAL,Amusement Park Fastrack Tickets,Entertainment
Nykaa Retail,NYKAA BEAUTY RETAIL,Perfume & Fragrance,Shopping
Zomato,Zomato Ltd,North Indian Combo,Food & Dining
HP Gas Bill,HINDUSTAN PETROLEUM LPG BILL,LPG Cooking Gas Cylinder Refill,Utilities
Investor Corporate Payout,SALARY/MANISHNAIR,Monthly Salary Credit - June 2025,Miscellaneous
MakeMyTrip Travels,MAKEMYTRIP TRAVELS,Manali Tour Package Booking,Vacation
Investor Corporate Payout,SALARY/ANANYAREDDY,Monthly Salary Credit - August 2025,Miscellaneous
Kama Ayurveda Care,KAMA AYURVEDA RETAIL CARE,Kumkumadi Miraculous Night Serum,Grooming
Zepto,ZEPTO,Cold Drinks & Chips,Groceries
Flipkart Store,FKMP PAY STORE,Kitchen Mixer Grinder,Shopping
MakeMyTrip,MMT INDIA,Goa Beach Resort 3 Nights Stay,Vacation
Bikanervala Delivery,BIKANERVALA DELIVERY,Samosa & Jalebi,Food & Dining
JioFiber,RELIANCE JIO INFOCOMM,JioFiber Unlimited Internet Monthly Plan,Utilities
ICICI Direct Capital,ICICI SECURITIES CAPITAL,Equity Portfolio Investment,Investments
Haldiram's,HALDIRAMS SWEETS,Thali Meal,Food & Dining
Nykaa,NYKAA,Hair Serum & Moisturizer,Shopping
Licious Mart,LICIOUS MART,Fresh Chicken Breast,Groceries
Housing.com Rent,HOUSING.COM RENT,House Rent Payment via Housing Pay,Rent & Housing
Naturals Salon Salon,NATURALS BEAUTY CARE SALON,Facial & Threading,Grooming
Licious Direct,LICIOUS DIRECT,Atlantic Salmon Fillet,Groceries
Retired Corporate Payout,SALARY/ANANYADESHMUKH,Monthly Salary Credit - February 2025,Miscellaneous
Ajio Retail,RELIANCE RETAIL AJIO RETAIL,Ethnawear Kurtis,Shopping
Urban Company,URBAN CLAP,Pedicure & Manicure,Grooming
School Tuition Fee Edu,SCHOOL FEE EDU,School Tuition Fee Edu - Recurring Subscription,Education
Social Outlet,IMPRESARIO ENTERTAINMENT OUTLET,Craft Beer & Nachos,Food & Dining
MakeMyTrip Holidays,MAKEMYTRIP HOLIDAYS,Goa Beach Resort 3 Nights Stay,Vacation
Landlord Direct Rent,RENT PAYMENT,Monthly Apartment Rent Transfer,Rent & Housing
Myntra Fashion,MYNTRA FASHION FASHION,Festive Kurta Set,Shopping
Local ATM Cash Withdrawal Services,HDFC BANK ATM SERVICES,ATM Cash Withdrawal for Daily Pocket Expenses,Miscellaneous
Kama Ayurveda Salon,KAMA AYURVEDA RETAIL SALON,Bringadi Hair Oil & Ayurvedic Soap,Grooming
Reliance Fresh Store,RELIANCE RETAIL STORE,Dry Fruits & Nuts,Groceries
Vi Postpaid,VI POSTPAID,Vi Postpaid - Recurring Subscription,Utilities
Ajio,RELIANCE RETAIL AJIO,Winter Wear Jackets,Shopping
Tata Power Bill,TATA POWER BILL,Tata Power Bill - Recurring Subscription,Utilities
Blue Tokai,BLUE TOKAI,Flat White Coffee,Food & Dining
Cult.fit Gym Care,CULTPASS CARE,Cult Live Workout Subscription,Healthcare
Scaler Academy Edu,SCALER EDU,Scaler Academy Edu - Recurring Subscription,Education
Zepto Mart,KIRANAKART MART,Instant Grocery Delivery,Groceries
Swiggy,SWIGGY*PAY,Pizza Order,Food & Dining
Rapido,ROPPEN TRANSPORTATION,Quick Office Commute,Transportation
Taj Hotels Holidays,INDIAN HOTELS CO LTD HOLIDAYS,Taj Lake Palace Luxury Suite Weekend Stay,Vacation
YouTube Premium,GOOGLE YOUTUBE,YouTube Premium - Recurring Subscription,Entertainment
Wow! Momo,WOW MOMO FOODS,Momo Burger Combo,Food & Dining
Investor Corporate Payout,SALARY/RAHULSHARMA,Monthly Salary Credit - July 2025,Miscellaneous
Domino's Pizza Delivery,JUBILANT FOODWORKS DELIVERY,Choco Lava Cake,Food & Dining
Bikanervala Express,BIKANERVALA SWEETS EXPRESS,Samosa & Jalebi,Food & Dining
Naturals Salon Salon,NATURALS BEAUTY CARE SALON,Facial & Threading,Grooming
Croma Retail,INFINITI RETAIL CROMA RETAIL,Washing Machine Front Load,Shopping
Domino's Pizza Delivery,DOMINOS DELIVERY,Party Combo,Food & Dining
Udemy Academy,UDEMY ACADEMY,Fullstack Web Development Bootcamp,Education
Third Wave Coffee Outlet,CUSTOMIZED COFFEE PVT OUTLET,Sea Salt Mocha,Food & Dining
Paytm Money Investments,PAYTM MONEY INVESTMENTS,Paytm Money Investments - Recurring Subscription,Investments
Shell Petrol Pump,SHELL INDIA,Shell V-Power Petrol Refill,Transportation
Taco Bell,BURMAN HOSPITALITY TACO,Burrito Meal Box,Food & Dining
Paytm Money Investments,PAYTM MONEY INVESTMENTS,ELSS Tax Saver Fund SIP,Investments
Bodycraft Salon Spa,BODYCRAFT SPA,Aromatherapy Massage,Grooming
Beardo Salon,ZED BLACK BEARDO SALON,Charcoal Face Wash & Grooming Kit,Grooming
Dr Lal PathLabs Care,LAL PATHLABS DIAGNOSTICS CARE,Full Body Health Checkup Package,Healthcare
Zerodha Investments,ZERODHA COIN INVESTMENTS,Monthly Mutual Fund SIP Investment,Investments
Ajio Store,AJIO STORE,Branded Sneakers,Shopping
MakeMyTrip Stays,MAKEMYTRIP STAYS,Goa Beach Resort 3 Nights Stay,Vacation
BPCL Fuel Service,BPCL SERVICE,Speed Petrol Refill,Transportation
Paradise Biryani Delivery,PARADISE BIRYANI DELIVERY,Mirchi Ka Salan Combo,Food & Dining
D-Mart Direct,DMART DIRECT,Detergents & Toiletries,Groceries
Blue Tokai Delivery,BLUE TOKAI COFFEE ROASTERS DELIVERY,Croissant & Cold Brew,Food & Dining
Burger King,BURGER KING INDIA,Crispy Chicken Meal,Food & Dining
D-Mart,DMART Chandigarh,Monthly Staples & Provisions,Groceries
Landlord Direct Rent Online,HOUSE RENT UPI ONLINE,Landlord Direct Rent Online - Recurring Subscription,Rent & Housing
SoftwareEngineer Corporate Payout,SALARY/ARJUNVERMA,Monthly Salary Credit - July 2025,Miscellaneous
Airbnb India Holidays,AIRBNB PAYMENTS HOLIDAYS,Beachfront Homestay Gokarna,Vacation
NPS Contribution,NPS TRUST,NPS Contribution - Recurring Subscription,Investments
Groww Investments,GROWW SIP INVESTMENTS,Groww Investments - Recurring Subscription,Investments
Goibibo Holidays,IBIBO GROUP HOLIDAYS,Weekend Hotel Booking in Coorg,Vacation
JioFiber Bill,RELIANCE JIO INFOCOMM BILL,JioFiber Bill - Recurring Subscription,Utilities
Kama Ayurveda Salon,KAMA AYURVEDA RETAIL SALON,Kumkumadi Miraculous Night Serum,Grooming
Nykaa Store,NYKAA BEAUTY STORE,Makeup Products & Foundation,Shopping
Oyo Rooms Travels,ORAVEL STAYS TRAVELS,Budget Hotel Stay for 2 Nights,Vacation
Tata 1mg Healthcare,1MG HEALTHCARE,Diagnostic Blood Test Booking,Healthcare
Coursera,COURSERA INC,Coursera Plus Annual Subscription,Education
Bodycraft Salon Salon,BODYCRAFT SALON,Skin De-tan & Haircare Package,Grooming
Tata Power Utility,TATA POWER UTILITY,Electricity Bill Payment,Utilities
Local Kirana Store,KIRANA STORE,Loose Dal & Rice,Groceries
Urban Company Salon,URBAN CLAP SALON,Deep Tissue Full Body Massage,Grooming
Unacademy Edu,SORTING HAT TECHNOLOGIES EDU,UPSC Coaching Subscription,Education
Oyo Rooms Stays,OYO ROOMS STAYS,Business Trip Overnight Stay,Vacation
Swiggy Express,Swiggy Instamart EXPRESS,Chicken Biryani & Coke,Food & Dining
Nature's Basket Direct,SPENCERS NATURES BASKET DIRECT,Exotic Vegetables & Cheese,Groceries
NPS Contribution,CRA NSDL NPS,Tier-1 NPS Retirement Contribution,Investments
Paytm Money Capital,PAYTM CAPITAL CAPITAL,Nifty 50 Mutual Fund SIP,Investments
Local Kirana Store Direct,LAKSHMI STORES DIRECT,Loose Dal & Rice,Groceries
Airtel Broadband Utility,BHARTI AIRTEL UTILITY,Fiber Optic Broadband Monthly Bill 200Mbps,Utilities
Unacademy,SORTING HAT TECHNOLOGIES,UPSC Coaching Subscription,Education
General Miscellaneous UPI Direct,MISC MERCHANT DIRECT,Misc Goods Purchase,Miscellaneous
More Megastore Store,MORE MEGASTORE STORE,Toiletries & Detergent,Groceries
FreshToHome Store,FRESHTOHOME STORE,Fresh Sea Fish,Groceries
Adani Electricity Bill,ADANI ELECTRICITY BILL,Adani Electricity Bill - Recurring Subscription,Utilities
Vi Postpaid Utility,VI POSTPAID UTILITY,Mobile Postpaid Monthly Bill,Utilities
Paytm Money Investments,PAYTM MONEY INVESTMENTS,Paytm Money Investments - Recurring Subscription,Investments
PhysicsWallah,PW LIVE,NEET Prep Study Material,Education
NoBroker Rent Pay,NOBROKER RENT,NoBroker Rental Agreement Fee,Rent & Housing
School Tuition Fee Academy,DELHI PUBLIC SCHOOL FEE ACADEMY,Quarterly School Tuition & Transport Fee,Education
PPF Deposit Capital,PPF DEPOSIT CAPITAL,Annual PPF Tax Saving Contribution,Investments
BESCOM Electricity Utility,BESCOM BILL PAY UTILITY,BESCOM Electricity Utility - Recurring Subscription,Utilities
Oyo Rooms Holidays,ORAVEL STAYS HOLIDAYS,Business Trip Overnight Stay,Vacation
MSEDCL Power Utility,MAHADISCOM UTILITY,MSEDCL Power Utility - Recurring Subscription,Utilities
Society Maintenance Pay,SOCIETY MAINTENANCE PAY,Monthly Society Maintenance & Water Charges,Rent & Housing
Urban Company Spa,URBAN COMPANY SPA,Deep Tissue Full Body Massage,Grooming
Jawed Habib Salon,JAWED HABIB,"Haircut, Wash & Styling",Grooming
SpiceJet Pay,SPICEJET PAY,Excess Baggage Fee,Transportation
Country Delight,ORGANICS COUNTRY DELIGHT,Pure Desi Ghee,Groceries
Prime Video Digital,PRIME VIDEO DIGITAL,Prime Monthly Video Plan,Entertainment
Urban Company Spa,URBAN COMPANY SPA,Deep Tissue Full Body Massage,Grooming
Reliance Fresh Direct,RELIANCE SMART DIRECT,Dry Fruits & Nuts,Groceries
Swiggy Instamart Mart,SWIGGY GROCERY MART,Fresh Fruits Basket,Groceries
D-Mart,AVENUE SUPERMARTS,Cooking Oil & Rice Pack,Groceries
Practo Healthcare,PRACTO CARE HEALTHCARE,Dentist Appointment Booking,Healthcare
Unacademy Learning,SORTING HAT TECHNOLOGIES LEARNING,CAT Exam Preparation Plus Subscription,Education
Scaler Academy Edu,SCALER ACADEMY EDU,Software Engineering Track Installment,Education
Decathlon,DECATHLON SPORTS INDIA,Yoga Mat & Dumbbells,Shopping
BookMyShow,BOOKMYSHOW,Standup Comedy Show Tickets,Entertainment
Licious Store,DELIGHTFUL GOURMET STORE,Mutton Curry Cut,Groceries
PhysicsWallah Edu,PHYSICSWALLAH EDU,JEE Main Target Batch Course Fee,Education
FASTag Recharge Fuel,NETC FASTAG FUEL,National Highway Toll FASTag Topup,Transportation
Naturals Salon,NATURALS SALON,Hair Coloring & Keratin Treatment,Grooming
Upstox Capital,UPSTOX CAPITAL,FNO Options Investment,Investments
Croma Store,CROMA STORE,Air Conditioner 1.5 Ton,Shopping
Blue Tokai Express,BLUE TOKAI EXPRESS,Single Origin Pour-over,Food & Dining
Prime Video Media,PRIME VIDEO MEDIA,Amazon Prime Annual Membership,Entertainment
Zepto Mart,ZEPTO MART,Fresh Tomatoes & Onions,Groceries
School Tuition Fee Learning,SCHOOL FEE LEARNING,Quarterly School Tuition & Transport Fee,Education
HPCL Fuel Pay,HPCL PAY,Diesel Refill,Transportation
IndiGo Pay,INDIGO AIRLINES PAY,Return Flight Booking,Transportation
MakeMyTrip Travels,MAKEMYTRIP TRAVELS,Roundtrip Flight & Hotel Combo,Vacation
Upstox Capital,UPSTOX CAPITAL,FNO Options Investment,Investments
Investor Corporate Payout,SALARY/ROHANNAIR,Monthly Salary Credit - December 2025,Miscellaneous
Taj Hotels Stays,INDIAN HOTELS CO LTD STAYS,Taj Lake Palace Luxury Suite Weekend Stay,Vacation
PVR Cinemas,PVR INOX,PVR Recliner Movie Tickets & Popcorn Combo,Entertainment
Domino's Pizza Outlet,DOMINOS OUTLET,Farmhouse Pizza & Garlic Bread,Food & Dining
Amazon India Store,AMAZON STORE,Wireless Bluetooth Earbuds,Shopping
BPCL Fuel Service,BPCL SERVICE,Two-wheeler Fuel Topup,Transportation
Retired Corporate Payout,SALARY/DEVIYER,Monthly Salary Credit - May 2025,Miscellaneous
Vijay Sales Digital,VIJAY SALES RETAIL DIGITAL,Double Door Refrigerator,Shopping
Rapido,RAPIDO,Rapido Bike Taxi Ride,Transportation
Jawed Habib Salon Salon,JAWED HABIB SALON,"Haircut, Wash & Styling",Grooming
Crossword Bookstore Learning,CROSSWORD BOOKSTORES LEARNING,Notebooks & Premium Stationery,Education
Apple Music Digital,APPLE MUSIC DIGITAL,Apple Music Monthly Student/Individual Plan,Entertainment
Swiggy Instamart Direct,SWIGGY INSTAMART DIRECT,Fresh Fruits Basket,Groceries
Bodycraft Salon,BODYCRAFT SALON & SPA,Skin De-tan & Haircare Package,Grooming
Blinkit Mart,BLINKIT MART,Fresh Vegetables & Fruits,Groceries
General Miscellaneous UPI Services,PERSON TO PERSON UPI SERVICES,Small Local Merchant Payment,Miscellaneous
Booking.com Holidays,BOOKING.COM HOLIDAYS,Luxury Heritage Hotel Stay Jaipur,Vacation
Uber,UBER INDIA,Uber Go Intercity,Transportation
Nature's Basket,SPENCERS NATURES BASKET,Exotic Vegetables & Cheese,Groceries
Chai Point,CHAI POINT,Ginger Chai & Samosa,Food & Dining
Namma Metro,NAMMA METRO,Namma Metro Card Recharge,Transportation
Oyo Rooms,OYO ROOMS,Budget Hotel Stay for 2 Nights,Vacation
Zudio Store,TRENT LTD ZUDIO STORE,Winter Hoodie & Trackpants,Shopping
Ajio,AJIO,Branded Sneakers,Shopping
Wonderla,WONDERLA AMUSEMENT PARK,Amusement Park Fastrack Tickets,Entertainment
Disney+ Hotstar Digital,DISNEY+ HOTSTAR DIGITAL,Disney+ Hotstar Super Plan,Entertainment
WorkingProfessional Corporate Payout,SALARY/DEVNAIR,Monthly Salary Credit - April 2025,Miscellaneous
IOCL Fuel,IOCL,XtraPremium Petrol Refill,Transportation
Chai Point Express,MOUNTAIN TRAIL FOODS EXPRESS,Ginger Chai & Samosa,Food & Dining
Mainland China,SPECIALITY RESTAURANTS,Chinese Buffet,Food & Dining
Netflix,NETFLIX,Netflix Standard Monthly Plan,Entertainment
McDonald's Express,MCDONALDS Jaipur EXPRESS,McVeggie Burger & Fries,Food & Dining
Netflix Digital,NETFLIX.COM DIGITAL,Netflix Standard Monthly Plan,Entertainment
Empire Restaurant,EMPIRE RESTAURANT Jaipur,Ghee Rice & Kebab,Food & Dining
Zerodha,ZERODHA COIN,Monthly Mutual Fund SIP Investment,Investments
Ajio Store,AJIO STORE,Winter Wear Jackets,Shopping
Haldiram's Delivery,HALDIRAM RESTAURANT DELIVERY,Thali Meal,Food & Dining
H&M India Fashion,H&M RETAIL INDIA FASHION,Casual Sneakers,Shopping
Zara India,INDITEX ZARA,Slim Fit Denim Jeans,Shopping
Blinkit Mart,BLINKIT (GROFERS) MART,Daily Milk & Bread,Groceries
MakeMyTrip Holidays,MAKEMYTRIP HOLIDAYS,Roundtrip Flight & Hotel Combo,Vacation
Coursera Learning,COURSERA LEARNING,Coursera Learning - Recurring Subscription,Education
BookMyShow Digital,BOOKMYSHOW DIGITAL,Standup Comedy Show Tickets,Entertainment
Zerodha,ZERODHA,Equity Shares Purchase,Investments
Local Kirana Store Store,KIRANA STORE STORE,Soap & Shampoo Sachet,Groceries
Tata 1mg Care,1MG CARE,Diagnostic Blood Test Booking,Healthcare
MSEDCL Power Bill,MAHARASHTRA ELECTRICITY BILL,MSEDCL Power Bill - Recurring Subscription,Utilities
Ajio Digital,AJIO DIGITAL,Branded Sneakers,Shopping
Blue Tokai Outlet,BLUE TOKAI OUTLET,Croissant & Cold Brew,Food & Dining
Burger King Outlet,BURGER KING OUTLET,Fiery Chicken Wings,Food & Dining
Udemy,UDEMY,Python Data Science Masterclass Course,Education
Apple Music,APPLE MUSIC,Apple Music Monthly Student/Individual Plan,Entertainment
Flipkart Retail,FKMP PAY RETAIL,Smart TV Purchase,Shopping
Zudio Fashion,ZUDIO FASHION,Casual T-shirts & Shorts,Shopping
Chaayos Outlet,SUNSHINE TEAHOUSE OUTLET,Adrak Elaichi Tea,Food & Dining
Air India,TATA AIR INDIA,Business Class Upgrade,Transportation
Swiggy Delivery,SWIGGY*PAY DELIVERY,Chicken Biryani & Coke,Food & Dining
BPCL Fuel Pay,BHARAT PETROLEUM PAY,Speed Petrol Refill,Transportation
PVR Cinemas,PVR INOX,PVR Gold Class Movie Tickets,Entertainment
WorkingProfessional Corporate Payout,SALARY/RIYADESHMUKH,Monthly Salary Credit - January 2025,Miscellaneous
Swiggy,Swiggy Ahmedabad,Butter Chicken Meal,Food & Dining
Air India Fuel,AIR INDIA LTD FUEL,Flight Booking to Mumbai,Transportation
Mainland China Outlet,SPECIALITY RESTAURANTS OUTLET,Chinese Buffet,Food & Dining
Wonderla Digital,WONDERLA DIGITAL,Wonderla Weekend Family Passes,Entertainment
Unacademy Learning,SORTING HAT TECHNOLOGIES LEARNING,UPSC Coaching Subscription,Education
NPS Contribution Investments,CRA NSDL NPS INVESTMENTS,Tier-1 NPS Retirement Contribution,Investments
Zara India Store,ZARA STORE,Leather Handbag,Shopping
Landlord Direct Rent,HOUSE RENT UPI,Room Rent Payment,Rent & Housing
Rapido Service,ROPPEN TRANSPORTATION SERVICE,Rapido Bike Taxi Ride,Transportation
Starbucks Express,STARBUCKS COFFEE EXPRESS,Cold Brew,Food & Dining
Spotify India,SPOTIFY INDIA,Spotify India - Recurring Subscription,Entertainment
Baskin Robbins Express,BASKIN ROBBINS EXPRESS,Two Scoop Waffle Cone,Food & Dining
Swiggy,Swiggy Instamart,Late Night Snacks,Food & Dining
Taj Hotels Holidays,TAJ HOTELS HOLIDAYS,Fine Dining & Spa,Vacation
IOCL Fuel Fuel,INDIANOIL CORP FUEL,Diesel Tank Refill,Transportation
Apple Store Digital,APPLE STORE DIGITAL,MacBook Air M2 Laptop,Shopping
Blinkit Store,HANDS ON TRADES STORE,Fresh Vegetables & Fruits,Groceries
Paytm Money Capital,PAYTM MONEY CAPITAL,ELSS Tax Saver Fund SIP,Investments
Lenskart,LENSKART,Anti-glare Prescription Eyeglasses,Healthcare
Licious Mart,LICIOUS MEAT MART,Atlantic Salmon Fillet,Groceries
Zerodha Capital,ZERODHA COIN CAPITAL,Zerodha Capital - Recurring Subscription,Investments
YouTube Premium Media,YOUTUBE PREMIUM MEDIA,YouTube Family Subscription,Entertainment
Prime Video,AMAZON PRIME SUBSCRIPTION,Amazon Prime Annual Membership,Entertainment
Groww Capital,GROWW SIP CAPITAL,Groww Capital - Recurring Subscription,Investments
Goibibo Holidays,IBIBO GROUP HOLIDAYS,Weekend Hotel Booking in Coorg,Vacation
Dr Lal PathLabs Medical,DR LAL PATHLABS MEDICAL,Full Body Health Checkup Package,Healthcare
Paradise Biryani Express,PARADISE FOOD COURT EXPRESS,Mirchi Ka Salan Combo,Food & Dining
Empire Restaurant Delivery,HOTEL EMPIRE DELIVERY,Empire Special Chicken Dosa,Food & Dining
Uber Fuel,UBER INDIA FUEL,Uber Moto Short Ride,Transportation
Decathlon Digital,DECATHLON DIGITAL,Yoga Mat & Dumbbells,Shopping
Zerodha Capital,ZERODHA BROKING CAPITAL,Monthly Mutual Fund SIP Investment,Investments
Groww,NEXTBILLION TECHNOLOGY,Index Fund SIP Monthly Auto-debit,Investments
NoBroker Rent Pay Pay,NOBROKER TECHNOLOGIES PAY,Monthly Flat Rent Payment,Rent & Housing
Airtel Broadband,AIRTEL XSTREAM,Fiber Optic Broadband Monthly Bill 200Mbps,Utilities
Social,SOCIAL,Craft Beer & Nachos,Food & Dining
Airtel Broadband Utility,BHARTI AIRTEL UTILITY,Airtel Broadband Utility - Recurring Subscription,Utilities
Family Corporate Payout,SALARY/ISHANJOSHI,Monthly Salary Credit - March 2025,Miscellaneous
Blinkit Direct,HANDS ON TRADES DIRECT,Daily Milk & Bread,Groceries
HP Gas Utility,HP GAS UTILITY,HP Gas Utility - Recurring Subscription,Utilities
IRCTC Fuel,IRCTC FUEL,Rajdhani Express AC 2 Tier,Transportation
Third Wave Coffee Delivery,CUSTOMIZED COFFEE PVT DELIVERY,Sea Salt Mocha,Food & Dining
Paradise Biryani,PARADISE FOOD COURT,Hyderabadi Mutton Biryani,Food & Dining
Starbucks Delivery,STARBUCKS DELIVERY,Java Chip Frappuccino,Food & Dining
Zepto Store,ZEPTO DAILY STORE,"Eggs, Milk & Butter",Groceries
Vijay Sales Retail,VIJAY SALES RETAIL,Microwave Oven,Shopping
HP Gas,HINDUSTAN PETROLEUM LPG,HP Gas - Recurring Subscription,Utilities
KFC Outlet,KFC OUTLET,Popcorn Chicken,Food & Dining
Rapido Pay,RAPIDO BIKE PAY,Rapido Bike Taxi Ride,Transportation
Mainland China Express,MAINLAND CHINA EXPRESS,Hakka Noodles & Manchurian,Food & Dining
BigBasket Direct,SUPERMARKET GROCERY DIRECT,Dairy Products,Groceries
Zerodha Capital,ZERODHA BROKING CAPITAL,Equity Shares Purchase,Investments
Apollo Pharmacy,APOLLO 247,First Aid & Skincare Items,Healthcare
Airbnb India Travels,AIRBNB PAYMENTS TRAVELS,Private Villa Booking in Lonavala,Vacation
Uber Service,UBER SERVICE,Uber Moto Short Ride,Transportation
Udemy Learning,UDEMY LEARNING,Python Data Science Masterclass Course,Education
MakeMyTrip Stays,MAKEMYTRIP INDIA STAYS,Roundtrip Flight & Hotel Combo,Vacation
More Megastore Mart,MORE RETAIL MART,Wheat Flour & Rice,Groceries
Society Maintenance Pay,MYGATE MAINTENANCE PAY,Quarterly Maintenance Fee,Rent & Housing
Blinkit Mart,HANDS ON TRADES MART,Late Night Munchies,Groceries
Local Tailor & Repairs Direct,BOUTIQUE ALTERATIONS DIRECT,Stitching & Alteration Charges,Miscellaneous
Social,IMPRESARIO ENTERTAINMENT,Cocktails & Bar Bites,Food & Dining
General Miscellaneous UPI Services,MISC MERCHANT SERVICES,Misc Goods Purchase,Miscellaneous
Nature's Basket Store,SPENCERS NATURES BASKET STORE,Exotic Vegetables & Cheese,Groceries
PPF Deposit,SBI PPF ACCOUNT,Annual PPF Tax Saving Contribution,Investments
Jawed Habib Salon Care,JAWED HABIB HAIR & BEAUTY CARE,Beard Trim & Hair Spa,Grooming
Croma Store,CROMA STORE,OLED 4K Smart TV,Shopping
BookMyShow India,BOOKMYSHOW INDIA,Movie Tickets for 2 - IMAX 3D,Entertainment
Zudio,TRENT LTD ZUDIO,Casual T-shirts & Shorts,Shopping
Goibibo Holidays,GOIBIBO HOLIDAYS,Outstation Cab & Homestay,Vacation
Ola Cabs Service,OLA SERVICE,Ola Mini Ride to Mall,Transportation
IndiGo,INDIGO AIRLINES,Return Flight Booking,Transportation
Subway Express,SUBWAY Bangalore EXPRESS,Sub Meal & Cookie,Food & Dining
Bikanervala Express,BIKANERVALA FOODS EXPRESS,Kaju Katli Box,Food & Dining
Tata Power Utility,TATA POWER UTILITY,Electricity Bill Payment,Utilities
Apple Store Retail,IMAGINE APPLE PREMIUM RETAIL,MacBook Air M2 Laptop,Shopping
PhysicsWallah,PW LIVE,NEET Prep Study Material,Education
Mainland China,SPECIALITY RESTAURANTS,Dim Sum & Dumplings,Food & Dining
Local Tailor & Repairs Services,BOUTIQUE ALTERATIONS SERVICES,Stitching & Alteration Charges,Miscellaneous
Crossword Bookstore Academy,CROSSWORD BOOKSTORES ACADEMY,Technical Books & Fiction Novels,Education
Croma,INFINITI RETAIL CROMA,Washing Machine Front Load,Shopping
IOCL Fuel Fuel,INDIANOIL CORP FUEL,XtraPremium Petrol Refill,Transportation
Zerodha Investments,ZERODHA COIN INVESTMENTS,Equity Shares Purchase,Investments
Goibibo,GOIBIBO,Outstation Cab & Homestay,Vacation
Westside Fashion,WESTSIDE FASHION,Western Dresses,Shopping
Ola Cabs Fuel,OLA AUTO FUEL,Ola Auto Ride,Transportation
Tata Play DTH,TATA PLAY,DTH Monthly HD Pack Recharge,Utilities
Kama Ayurveda,KAMA AYURVEDA RETAIL,Kumkumadi Miraculous Night Serum,Grooming
Blue Tokai,BLUE TOKAI,Single Origin Pour-over,Food & Dining
Kama Ayurveda,KAMA AYURVEDA RETAIL,Bringadi Hair Oil & Ayurvedic Soap,Grooming
Student Corporate Payout,SALARY/SIDDHARTHJOSHI,Monthly Salary Credit - July 2025,Miscellaneous
Tata 1mg,1MG TECHNOLOGIES,Ayurvedic & Health Care Products,Healthcare
Tata Power,TATA POWER DELHI,Electricity Bill Payment,Utilities
Baskin Robbins,BASKIN ROBBINS,Mississippi Mud Sundae,Food & Dining
ICICI Direct,ICICI DIRECT,Equity Portfolio Investment,Investments
Bikanervala Outlet,BIKANERVALA OUTLET,Samosa & Jalebi,Food & Dining
Unacademy,SORTING HAT TECHNOLOGIES,Unacademy - Recurring Subscription,Education
Ajio Fashion,RELIANCE RETAIL AJIO FASHION,Ethnawear Kurtis,Shopping
Zomato Express,Zomato Ltd EXPRESS,North Indian Combo,Food & Dining
Beardo Care,ZED BLACK BEARDO CARE,Beard Oil & Growth Serum,Grooming
Wonderla India,WONDERLA INDIA,Amusement Park Fastrack Tickets,Entertainment
CRED RentPay Pay,CRED RENTPAY PAY,CRED RentPay Pay - Recurring Subscription,Rent & Housing
Apollo Pharmacy Healthcare,APOLLO 247 HEALTHCARE,Monthly Diabetes Medication,Healthcare
PharmEasy Care,API HOLDINGS CARE,Monthly Medicine Order,Healthcare
MSEDCL Power Utility,MAHADISCOM UTILITY,MSEDCL Power Utility - Recurring Subscription,Utilities
IRCTC Fuel,IRCTC E-TICKETING FUEL,3AC Train Ticket Booking,Transportation
Zerodha,ZERODHA COIN,Monthly Mutual Fund SIP Investment,Investments
Practo Healthcare,PRACTO CARE HEALTHCARE,Online Doctor Video Consultation,Healthcare
